x,y,heading
6.687925338745117,3.263683795928955,0.0
6.668232710054605,3.2592920100334846,-2.922166704446279
6.648540081364094,3.2549002241380145,-2.922166704446279
6.628847452673582,3.250508438242544,-2.922166704446279
6.6091548239830695,3.246116652347074,-2.922166704446279
6.589462195292557,3.2417248664516034,-2.922166704446279
6.569769566602046,3.237333080556133,-2.922166704446279
6.550076937911534,3.232941294660663,-2.922166704446279
6.530384309221022,3.2285495087651923,-2.922166704446279
6.510691680530511,3.224157722869722,-2.922166704446279
6.4909990518399985,3.2197659369742517,-2.922166704446279
6.471306423149486,3.215374151078781,-2.922166704446279
6.451613794458975,3.210982365183311,-2.922166704446279
6.431921165768463,3.2065905792878406,-2.922166704446279
6.412228537077951,3.20219879339237,-2.922166704446279
6.392535908387439,3.1978070074969,-2.922166704446279
6.372843279696927,3.1934152216014295,-2.922166704446279
6.353150651006415,3.189023435705959,-2.922166704446279
6.333458022315903,3.184631649810489,-2.922166704446279
6.313765393625392,3.1802398639150185,-2.922166704446279
6.29407276493488,3.1758480780195484,-2.922166704446279
6.274380136244368,3.171456292124078,-2.922166704446279
6.254687507553856,3.1670645062286074,-2.922166704446279
6.234994878863344,3.1626727203331373,-2.922166704446279
6.215302250172832,3.1582809344376668,-2.922166704446279
6.19560962148232,3.1538891485421963,-2.922166704446279
6.175916992791809,3.149497362646726,-2.922166704446279
6.156224364101297,3.1451055767512557,-2.922166704446279
6.1365317354107844,3.140713790855785,-2.922166704446279
6.116839106720273,3.136322004960315,-2.922166704446279
6.097146478029761,3.1319302190648446,-2.922166704446279
6.077453849339249,3.1275384331693745,-2.922166704446279
6.057761220648738,3.123146647273904,-2.922166704446279
6.0380685919582255,3.1187548613784335,-2.922166704446279
6.018375963267713,3.1143630754829634,-2.922166704446279
5.998683334577201,3.109971289587493,-2.922166704446279
5.97899070588669,3.105579503692023,-2.922166704446279
5.959298077196178,3.1011877177965523,-2.922166704446279
5.939605448505666,3.096795931901082,-2.922166704446279
5.9199128198151545,3.0924041460056118,-2.922166704446279
5.900220191124642,3.0880123601101412,-2.922166704446279
5.88052756243413,3.0836205742146707,-2.922166704446279
5.860834933743618,3.0792287883192007,-2.922166704446279
5.841142305053107,3.07483700242373,-2.922166704446279
5.821449676362595,3.07044521652826,-2.922166704446279
5.801757047672083,3.0660534306327896,-2.922166704446279
5.782064418981571,3.061661644737319,-2.922166704446279
5.762371790291059,3.057269858841849,-2.922166704446279
5.742679161600547,3.0528780729463785,-2.922166704446279
5.722986532910036,3.048486287050908,-2.922166704446279
5.703293904219524,3.044094501155438,-2.922166704446279
5.6836012755290115,3.0397027152599674,-2.922166704446279
5.6639086468385,3.0353109293644973,-2.922166704446279
5.644216018147988,3.030919143469027,-2.922166704446279
5.624523389457476,3.0265273575735563,-2.922166704446279
5.604830760766964,3.022135571678086,-2.922166704446279
5.585138132076452,3.0177437857826157,-2.922166704446279
5.5654455033859405,3.0133519998871456,-2.922166704446279
5.545752874695428,3.008960213991675,-2.922166704446279
5.526060246004917,3.0045684280962046,-2.922166704446279
5.506367617314405,3.0001766422007345,-2.922166704446279
5.486674988623893,2.995784856305264,-2.922166704446279
5.466982359933381,2.9913930704097935,-2.922166704446279
5.447289731242869,2.9870012845143235,-2.922166704446279
5.427597102552357,2.982609498618853,-2.922166704446279
5.407904473861845,2.9782177127233824,-2.922166704446279
5.388211845171334,2.9738259268279124,-2.922166704446279
5.368519216480822,2.969434140932442,-2.922166704446279
5.34882658779031,2.9650423550369718,-2.922166704446279
5.3291339590997975,2.9606505691415013,-2.922166704446279
5.309441330409286,2.9562587832460308,-2.922166704446279
5.289748701718774,2.9518669973505607,-2.922166704446279
5.270056073028263,2.94747521145509,-2.922166704446279
5.250363444337751,2.94308342555962,-2.922166704446279
5.230670815647239,2.9386916396641496,-2.922166704446279
5.210978186956726,2.934299853768679,-2.922166704446279
5.191285558266214,2.929908067873209,-2.922166704446279
5.171592929575703,2.9255162819777385,-2.922166704446279
5.151900300885191,2.921124496082268,-2.922166704446279
5.13220767219468,2.916732710186798,-2.922166704446279
5.1125150435041675,2.9123409242913274,-2.922166704446279
5.092822414813655,2.907949138395857,-2.922166704446279
5.073129786123143,2.903557352500387,-2.922166704446279
5.053437157432632,2.8991655666049163,-2.922166704446279
5.03374452874212,2.8947737807094462,-2.922166704446279
5.014051900051608,2.8903819948139757,-2.922166704446279
4.9943592713610965,2.885990208918505,-2.922166704446279
4.974666642670584,2.881598423023035,-2.922166704446279
4.954974013980072,2.8772066371275646,-2.922166704446279
4.93528138528956,2.8728148512320946,-2.922166704446279
4.915588756599049,2.868423065336624,-2.922166704446279
4.895896127908537,2.8640312794411535,-2.922166704446279
4.8762034992180245,2.8596394935456835,-2.922166704446279
4.856510870527513,2.855247707650213,-2.922166704446279
4.836818241837001,2.8508559217547425,-2.922166704446279
4.817125613146489,2.8464641358592724,-2.922166704446279
4.797432984455977,2.842072349963802,-2.922166704446279
4.777740355765466,2.8376805640683314,-2.922166704446279
4.7580477270749535,2.8332887781728613,-2.922166704446279
4.738355098384442,2.8288969922773908,-2.922166704446279
4.71866246969393,2.8245052063819207,-2.922166704446279
4.698969841003418,2.82011342048645,-2.922166704446279
4.654801623656018,2.822806207260283,3.080701405139388
4.610633406308618,2.8254989940341155,3.080701405139388
4.566465188961218,2.8281917808079484,3.080701405139388
4.522296971613818,2.830884567581781,3.080701405139388
4.478128754266418,2.8335773543556138,3.080701405139388
4.433960536919018,2.8362701411294466,3.080701405139388
4.389792319571618,2.838962927903279,3.080701405139388
4.3456241022242175,2.841655714677112,3.080701405139388
4.301455884876818,2.844348501450945,3.080701405139388
4.257287667529417,2.8470412882247773,3.080701405139388
4.213119450182018,2.84973407499861,3.080701405139388
4.168951232834617,2.8524268617724426,3.080701405139388
4.124783015487218,2.8551196485462755,3.080701405139388
4.080614798139818,2.8578124353201084,3.080701405139388
4.0364465807924175,2.860505222093941,3.080701405139388
3.992278363445018,2.8631980088677738,3.080701405139388
3.9481101460976173,2.865890795641606,3.080701405139388
3.9039419287502177,2.868583582415439,3.080701405139388
3.8597737114028177,2.871276369189272,3.080701405139388
3.8156054940554176,2.8739691559631044,3.080701405139388
3.7714372767080175,2.8766619427369373,3.080701405139388
3.7272690593606175,2.87935472951077,3.080701405139388
3.6831008420132174,2.8820475162846027,3.080701405139388
3.6389326246658174,2.8847403030584355,3.080701405139388
3.5947644073184173,2.887433089832268,3.080701405139388
3.5505961899710172,2.890125876606101,3.080701405139388
3.5064279726236176,2.8928186633799338,3.080701405139388
3.462259755276217,2.895511450153766,3.080701405139388
3.4180915379288175,2.898204236927599,3.080701405139388
3.3739233205814174,2.9008970237014315,3.080701405139388
3.3297551032340174,2.9035898104752644,3.080701405139388
3.2855868858866173,2.9062825972490973,3.080701405139388
3.2414186685392172,2.9089753840229298,3.080701405139388
3.197250451191817,2.9116681707967627,3.080701405139388
3.153082233844417,2.914360957570595,3.080701405139388
3.1089140164970175,2.917053744344428,3.080701405139388
3.064745799149617,2.919746531118261,3.080701405139388
3.0205775818022174,2.9224393178920933,3.080701405139388
2.976409364454817,2.925132104665926,3.080701405139388
2.9322411471074172,2.927824891439759,3.080701405139388
2.8880729297600167,2.9305176782135915,3.080701405139388
2.843904712412617,2.9332104649874244,3.080701405139388
2.799736495065217,2.935903251761257,3.080701405139388
2.755568277717817,2.9385960385350898,3.080701405139388
2.711400060370417,2.9412888253089227,3.080701405139388
2.667231843023017,2.943981612082755,3.080701405139388
2.623063625675617,2.946674398856588,3.080701405139388
2.5788954083282167,2.9493671856304204,3.080701405139388
2.5347271909808167,2.9520599724042533,3.080701405139388
2.4905589736334166,2.954752759178086,3.080701405139388
2.446390756286017,2.9574455459519187,3.080701405139388
2.402222538938617,2.9601383327257516,3.080701405139388
2.358054321591217,2.9628311194995844,3.080701405139388
2.313886104243817,2.965523906273417,3.080701405139388
2.2697178868964167,2.9682166930472498,3.080701405139388
2.2255496695490167,2.970909479821082,3.080701405139388
2.181381452201617,2.973602266594915,3.080701405139388
2.137213234854217,2.976295053368748,3.080701405139388
2.093045017506817,2.9789878401425804,3.080701405139388
2.048876800159417,2.9816806269164133,3.080701405139388
2.004708582812017,2.984373413690246,3.080701405139388
1.9605403654646167,2.9870662004640787,3.080701405139388
1.9163721481172167,2.9897589872379116,3.080701405139388
1.8722039307698166,2.992451774011744,3.080701405139388
1.8280357134224166,2.995144560785577,3.080701405139388
1.7838674960750165,2.9978373475594093,3.080701405139388
1.7396992787276164,3.0005301343332422,3.080701405139388
1.6955310613802164,3.003222921107075,3.080701405139388
1.6513628440328163,3.0059157078809076,3.080701405139388
1.6071946266854167,3.0086084946547405,3.080701405139388
1.5630264093380166,3.0113012814285733,3.080701405139388
1.5188581919906166,3.013994068202406,3.080701405139388
1.4746899746432165,3.0166868549762387,3.080701405139388
1.4305217572958164,3.019379641750071,3.080701405139388
1.3863535399484164,3.022072428523904,3.080701405139388
1.3421853226010163,3.024765215297737,3.080701405139388
1.2980171052536162,3.0274580020715693,3.080701405139388
1.2538488879062162,3.0301507888454022,3.080701405139388
1.2096806705588161,3.0328435756192347,3.080701405139388
1.165512453211416,3.0355363623930676,3.080701405139388
1.121344235864016,3.0382291491669005,3.080701405139388
1.077176018516616,3.040921935940733,3.080701405139388
1.0330078011692163,3.043614722714566,3.080701405139388
0.9888395838218162,3.0463075094883987,3.080701405139388
0.9446713664744162,3.049000296262231,3.080701405139388
0.9005031491270161,3.051693083036064,3.080701405139388
0.8563349317796161,3.0543858698098965,3.080701405139388
0.812166714432216,3.0570786565837293,3.080701405139388
0.7679984970848159,3.0597714433575622,3.080701405139388
0.7238302797374159,3.0624642301313947,3.080701405139388
0.6796620623900154,3.0651570169052276,3.080701405139388
0.6354938450426157,3.06784980367906,3.080701405139388
0.5913256276952152,3.070542590452893,3.080701405139388
0.5471574103478156,3.073235377226726,3.080701405139388
0.502989193000416,3.0759281640005582,3.080701405139388
0.4588209756530155,3.078620950774391,3.080701405139388
0.4146527583056159,3.081313737548224,3.080701405139388
0.37048454095821537,3.0840065243220565,3.080701405139388
0.32631632361081575,3.0866993110958894,3.080701405139388
0.28214810626341524,3.089392097869722,3.080701405139388
0.23797988891601562,3.0920848846435547,3.080701405139388
0.16861821165179264,3.099754206024774,3.0314699659647166
0.09925653438756962,3.107423527405994,3.0314699659647166
0.029894857123346635,3.115092848787213,3.0314699659647166
-0.03946682014087638,3.122762170168433,3.0314699659647166
-0.10882849740509942,3.1304314915496523,3.0314699659647166
-0.17819017466932235,3.138100812930872,3.0314699659647166
-0.24755185193354545,3.1457701343120914,3.0314699659647166
-0.3169135291977684,3.153439455693311,3.0314699659647166
-0.3862752064619914,3.1611087770745305,3.0314699659647166
-0.45563688372621447,3.1687780984557503,3.0314699659647166
-0.5249985609904374,3.1764474198369697,3.0314699659647166
-0.5943602382546603,3.184116741218189,3.0314699659647166
-0.6637219155188835,3.191786062599409,3.0314699659647166
-0.7330835927831065,3.199455383980628,3.0314699659647166
-0.8024452700473295,3.207124705361848,3.0314699659647166
-0.8718069473115524,3.2147940267430672,3.0314699659647166
-0.9411686245757755,3.222463348124287,3.0314699659647166
-1.0105303018399985,3.2301326695055064,3.0314699659647166
-1.0798919791042214,3.237801990886726,3.0314699659647166
-1.1492536563684446,3.2454713122679455,3.0314699659647166
-1.2186153336326675,3.2531406336491653,3.0314699659647166
-1.2879770108968904,3.2608099550303846,3.0314699659647166
-1.3573386881611136,3.268479276411604,3.0314699659647166
-1.4267003654253363,3.2761485977928237,3.0314699659647166
-1.4960620426895594,3.283817919174043,3.0314699659647166
-1.5654237199537826,3.291487240555263,3.0314699659647166
-1.6347853972180055,3.299156561936482,3.0314699659647166
-1.7041470744822287,3.306825883317702,3.0314699659647166
-1.7735087517464514,3.3144952046989213,3.0314699659647166
-1.8428704290106745,3.322164526080141,3.0314699659647166
-1.9122321062748973,3.3298338474613605,3.0314699659647166
-1.9815937835391204,3.3375031688425802,3.0314699659647166
-2.0509554608033436,3.3451724902237996,3.0314699659647166
-2.1203171380675667,3.3528418116050194,3.0314699659647166
-2.1896788153317894,3.3605111329862387,3.0314699659647166
-2.2590404925960126,3.368180454367458,3.0314699659647166
-2.3284021698602353,3.375849775748678,3.0314699659647166
-2.3977638471244584,3.383519097129897,3.0314699659647166
-2.4671255243886816,3.391188418511117,3.0314699659647166
-2.5364872016529048,3.3988577398923363,3.0314699659647166
-2.605848878917128,3.406527061273556,3.0314699659647166
-2.6752105561813506,3.4141963826547754,3.0314699659647166
-2.7445722334455733,3.421865704035995,3.0314699659647166
-2.8139339107097965,3.4295350254172146,3.0314699659647166
-2.8832955879740196,3.437204346798434,3.0314699659647166
-2.952657265238243,3.4448736681796537,3.0314699659647166
-3.022018942502466,3.4525429895608735,3.0314699659647166
-3.091380619766688,3.460212310942093,3.0314699659647166
-3.1607422970309114,3.467881632323312,3.0314699659647166
-3.2301039742951345,3.475550953704532,3.0314699659647166
-3.2994656515593577,3.4832202750857513,3.0314699659647166
-3.368827328823581,3.490889596466971,3.0314699659647166
-3.438189006087804,3.4985589178481904,3.0314699659647166
-3.5075506833520267,3.50622823922941,3.0314699659647166
-3.57691236061625,3.5138975606106295,3.0314699659647166
-3.646274037880473,3.5215668819918493,3.0314699659647166
-3.7156357151446953,3.5292362033730686,3.0314699659647166
-3.7849973924089184,3.536905524754288,3.0314699659647166
-3.8543590696731416,3.5445748461355078,3.0314699659647166
-3.9237207469373647,3.552244167516727,3.0314699659647166
-3.993082424201588,3.559913488897947,3.0314699659647166
-4.06244410146581,3.5675828102791662,3.0314699659647166
-4.131805778730033,3.575252131660386,3.0314699659647166
-4.2011674559942564,3.5829214530416054,3.0314699659647166
-4.27052913325848,3.590590774422825,3.0314699659647166
-4.339890810522703,3.5982600958040445,3.0314699659647166
-4.409252487786926,3.605929417185264,3.0314699659647166
-4.478614165051149,3.6135987385664836,3.0314699659647166
-4.547975842315372,3.6212680599477034,3.0314699659647166
-4.6173375195795945,3.6289373813289227,3.0314699659647166
-4.686699196843818,3.636606702710142,3.0314699659647166
-4.756060874108041,3.644276024091362,3.0314699659647166
-4.825422551372264,3.651945345472581,3.0314699659647166
-4.894784228636486,3.659614666853801,3.0314699659647166
-4.964145905900709,3.6672839882350203,3.0314699659647166
-5.0335075831649325,3.6749533096162397,3.0314699659647166
-5.102869260429156,3.6826226309974595,3.0314699659647166
-5.172230937693379,3.6902919523786792,3.0314699659647166
-5.241592614957602,3.6979612737598986,3.0314699659647166
-5.310954292221825,3.705630595141118,3.0314699659647166
-5.380315969486048,3.7132999165223377,3.0314699659647166
-5.449677646750271,3.7209692379035575,3.0314699659647166
-5.519039324014494,3.728638559284777,3.0314699659647166
-5.588401001278717,3.736307880665996,3.0314699659647166
-5.657762678542939,3.743977202047216,3.0314699659647166
-5.727124355807162,3.7516465234284353,3.0314699659647166
-5.796486033071385,3.759315844809655,3.0314699659647166
-5.865847710335609,3.7669851661908744,3.0314699659647166
-5.935209387599832,3.7746544875720938,3.0314699659647166
-6.004571064864055,3.7823238089533135,3.0314699659647166
-6.073932742128278,3.7899931303345333,3.0314699659647166
-6.143294419392501,3.7976624517157527,3.0314699659647166
-6.212656096656724,3.805331773096972,3.0314699659647166
-6.2820177739209475,3.813001094478192,3.0314699659647166
-6.35137945118517,3.820670415859411,3.0314699659647166
-6.420741128449392,3.828339737240631,3.0314699659647166
-6.490102805713615,3.8360090586218503,3.0314699659647166
-6.559464482977838,3.8436783800030696,3.0314699659647166
-6.6288261602420615,3.8513477013842894,3.0314699659647166
-6.698187837506285,3.859017022765509,3.0314699659647166
-6.767549514770508,3.8666863441467285,3.0314699659647166
-6.814463039435963,3.8701544374522596,3.0678016450461523
-6.861376564101417,3.8736225307577907,3.0678016450461523
-6.908290088766872,3.877090624063322,3.0678016450461523
-6.955203613432327,3.880558717368853,3.0678016450461523
-7.002117138097782,3.884026810674384,3.0678016450461523
-7.049030662763236,3.887494903979915,3.0678016450461523
-7.0959441874286915,3.8909629972854463,3.0678016450461523
-7.1428577120941465,3.8944310905909774,3.0678016450461523
-7.189771236759602,3.8978991838965085,3.0678016450461523
-7.236684761425056,3.9013672772020396,3.0678016450461523
-7.283598286090511,3.9048353705075707,3.0678016450461523
-7.330511810755966,3.908303463813102,3.0678016450461523
-7.377425335421421,3.911771557118633,3.0678016450461523
-7.424338860086875,3.915239650424164,3.0678016450461523
-7.47125238475233,3.918707743729695,3.0678016450461523
-7.518165909417785,3.922175837035226,3.0678016450461523
-7.5650794340832395,3.9256439303407573,3.0678016450461523
-7.6119929587486945,3.9291120236462884,3.0678016450461523
-7.65890648341415,3.9325801169518195,3.0678016450461523
-7.705820008079605,3.9360482102573506,3.0678016450461523
-7.752733532745059,3.9395163035628817,3.0678016450461523
-7.799647057410514,3.942984396868413,3.0678016450461523
-7.846560582075969,3.946452490173944,3.0678016450461523
-7.893474106741424,3.949920583479475,3.0678016450461523
-7.940387631406878,3.953388676785006,3.0678016450461523
-7.987301156072333,3.9568567700905377,3.0678016450461523
-8.034214680737788,3.960324863396069,3.0678016450461523
-8.081128205403243,3.9637929567016,3.0678016450461523
-8.128041730068698,3.967261050007131,3.0678016450461523
-8.174955254734153,3.970729143312662,3.0678016450461523
-8.221868779399607,3.9741972366181932,3.0678016450461523
-8.268782304065063,3.9776653299237243,3.0678016450461523
-8.315695828730517,3.9811334232292555,3.0678016450461523
-8.362609353395971,3.9846015165347866,3.0678016450461523
-8.409522878061427,3.9880696098403177,3.0678016450461523
-8.456436402726881,3.9915377031458488,3.0678016450461523
-8.503349927392335,3.99500579645138,3.0678016450461523
-8.550263452057791,3.998473889756911,3.0678016450461523
-8.597176976723246,4.001941983062442,3.0678016450461523
-8.644090501388701,4.005410076367973,3.0678016450461523
-8.691004026054156,4.008878169673504,3.0678016450461523
-8.73791755071961,4.012346262979035,3.0678016450461523
-8.784831075385066,4.015814356284566,3.0678016450461523
-8.83174460005052,4.019282449590097,3.0678016450461523
-8.878658124715976,4.022750542895628,3.0678016450461523
-8.92557164938143,4.026218636201159,3.0678016450461523
-8.972485174046884,4.0296867295066905,3.0678016450461523
-9.01939869871234,4.033154822812222,3.0678016450461523
-9.066312223377794,4.036622916117753,3.0678016450461523
-9.113225748043249,4.040091009423284,3.0678016450461523
-9.160139272708705,4.043559102728816,3.0678016450461523
-9.207052797374159,4.047027196034347,3.0678016450461523
-9.253966322039613,4.050495289339878,3.0678016450461523
-9.300879846705069,4.053963382645409,3.0678016450461523
-9.347793371370523,4.05743147595094,3.0678016450461523
-9.394706896035979,4.060899569256471,3.0678016450461523
-9.441620420701433,4.064367662562002,3.0678016450461523
-9.488533945366887,4.0678357558675335,3.0678016450461523
-9.535447470032341,4.071303849173065,3.0678016450461523
-9.582360994697797,4.074771942478596,3.0678016450461523
-9.629274519363252,4.078240035784127,3.0678016450461523
-9.676188044028708,4.081708129089658,3.0678016450461523
-9.723101568694162,4.085176222395189,3.0678016450461523
-9.770015093359618,4.08864431570072,3.0678016450461523
-9.816928618025072,4.092112409006251,3.0678016450461523
-9.863842142690526,4.095580502311782,3.0678016450461523
-9.910755667355982,4.0990485956173135,3.0678016450461523
-9.957669192021436,4.102516688922845,3.0678016450461523
-10.00458271668689,4.105984782228376,3.0678016450461523
-10.051496241352346,4.109452875533907,3.0678016450461523
-10.0984097660178,4.112920968839438,3.0678016450461523
-10.145323290683255,4.116389062144969,3.0678016450461523
-10.19223681534871,4.1198571554505,3.0678016450461523
-10.239150340014165,4.123325248756031,3.0678016450461523
-10.286063864679619,4.126793342061562,3.0678016450461523
-10.332977389345075,4.1302614353670934,3.0678016450461523
-10.379890914010529,4.1337295286726246,3.0678016450461523
-10.426804438675985,4.137197621978156,3.0678016450461523
-10.47371796334144,4.140665715283687,3.0678016450461523
-10.520631488006895,4.144133808589218,3.0678016450461523
-10.56754501267235,4.147601901894749,3.0678016450461523
-10.614458537337804,4.15106999520028,3.0678016450461523
-10.661372062003258,4.154538088505811,3.0678016450461523
-10.708285586668714,4.158006181811342,3.0678016450461523
-10.755199111334168,4.161474275116873,3.0678016450461523
-10.802112635999624,4.1649423684224045,3.0678016450461523
-10.849026160665078,4.168410461727936,3.0678016450461523
-10.895939685330532,4.171878555033467,3.0678016450461523
-10.942853209995988,4.175346648338998,3.0678016450461523
-10.989766734661442,4.178814741644529,3.0678016450461523
-11.036680259326896,4.18228283495006,3.0678016450461523
-11.083593783992352,4.185750928255591,3.0678016450461523
-11.130507308657807,4.189219021561122,3.0678016450461523
-11.17742083332326,4.192687114866653,3.0678016450461523
-11.224334357988717,4.1961552081721845,3.0678016450461523
-11.27124788265417,4.199623301477716,3.0678016450461523
-11.318161407319625,4.203091394783247,3.0678016450461523
-11.365074931985081,4.206559488088778,3.0678016450461523
-11.411988456650535,4.210027581394309,3.0678016450461523
-11.45890198131599,4.21349567469984,3.0678016450461523
-11.505815505981445,4.216963768005371,3.0678016450461523
-11.522204965648084,4.204179371937667,-2.479142934205071
-11.538594425314724,4.1913949758699625,-2.479142934205071
-11.554983884981363,4.178610579802259,-2.479142934205071
-11.571373344648002,4.165826183734554,-2.479142934205071
-11.587762804314641,4.15304178766685,-2.479142934205071
-11.60415226398128,4.140257391599145,-2.479142934205071
-11.62054172364792,4.127472995531441,-2.479142934205071
-11.636931183314559,4.1146885994637366,-2.479142934205071
-11.653320642981198,4.101904203396033,-2.479142934205071
-11.669710102647837,4.089119807328328,-2.479142934205071
-11.686099562314478,4.076335411260624,-2.479142934205071
-11.702489021981117,4.063551015192919,-2.479142934205071
-11.718878481647756,4.050766619125215,-2.479142934205071
-11.735267941314396,4.037982223057511,-2.479142934205071
-11.751657400981035,4.025197826989807,-2.479142934205071
-11.768046860647674,4.012413430922102,-2.479142934205071
-11.784436320314313,3.999629034854398,-2.479142934205071
-11.800825779980952,3.986844638786694,-2.479142934205071
-11.817215239647592,3.9740602427189895,-2.479142934205071
-11.83360469931423,3.961275846651285,-2.479142934205071
-11.84999415898087,3.948491450583581,-2.479142934205071
-11.86638361864751,3.9357070545158765,-2.479142934205071
-11.882773078314148,3.9229226584481722,-2.479142934205071
-11.899162537980787,3.910138262380468,-2.479142934205071
-11.915551997647427,3.8973538663127636,-2.479142934205071
-11.931941457314066,3.8845694702450593,-2.479142934205071
-11.948330916980705,3.871785074177355,-2.479142934205071
-11.964720376647344,3.8590006781096506,-2.479142934205071
-11.981109836313983,3.8462162820419463,-2.479142934205071
-11.997499295980623,3.833431885974242,-2.479142934205071
-12.013888755647262,3.8206474899065377,-2.479142934205071
-12.030278215313903,3.8078630938388334,-2.479142934205071
-12.046667674980542,3.795078697771129,-2.479142934205071
-12.063057134647181,3.7822943017034247,-2.479142934205071
-12.07944659431382,3.7695099056357204,-2.479142934205071
-12.09583605398046,3.756725509568016,-2.479142934205071
-12.112225513647099,3.743941113500312,-2.479142934205071
-12.128614973313738,3.7311567174326075,-2.479142934205071
-12.145004432980377,3.718372321364903,-2.479142934205071
-12.161393892647016,3.705587925297199,-2.479142934205071
-12.177783352313655,3.6928035292294945,-2.479142934205071
-12.194172811980295,3.68001913316179,-2.479142934205071
-12.210562271646934,3.667234737094086,-2.479142934205071
-12.226951731313573,3.6544503410263816,-2.479142934205071
-12.243341190980212,3.6416659449586772,-2.479142934205071
-12.259730650646851,3.628881548890973,-2.479142934205071
-12.27612011031349,3.6160971528232686,-2.479142934205071
-12.29250956998013,3.6033127567555647,-2.479142934205071
-12.308899029646769,3.59052836068786,-2.479142934205071
-12.325288489313408,3.577743964620156,-2.479142934205071
-12.341677948980049,3.5649595685524513,-2.479142934205071
-12.358067408646688,3.5521751724847475,-2.479142934205071
-12.374456868313327,3.5393907764170427,-2.479142934205071
-12.390846327979967,3.526606380349339,-2.479142934205071
-12.407235787646606,3.513821984281634,-2.479142934205071
-12.423625247313245,3.50103758821393,-2.479142934205071
-12.440014706979884,3.488253192146226,-2.479142934205071
-12.456404166646523,3.4754687960785215,-2.479142934205071
-12.472793626313162,3.4626844000108172,-2.479142934205071
-12.489183085979802,3.449900003943113,-2.479142934205071
-12.50557254564644,3.4371156078754086,-2.479142934205071
-12.52196200531308,3.4243312118077043,-2.479142934205071
-12.53835146497972,3.41154681574,-2.479142934205071
-12.554740924646358,3.3987624196722956,-2.479142934205071
-12.571130384312998,3.3859780236045913,-2.479142934205071
-12.587519843979637,3.373193627536887,-2.479142934205071
-12.603909303646276,3.3604092314691827,-2.479142934205071
-12.620298763312915,3.3476248354014784,-2.479142934205071
-12.636688222979554,3.334840439333774,-2.479142934205071
-12.653077682646193,3.3220560432660697,-2.479142934205071
-12.669467142312833,3.3092716471983654,-2.479142934205071
-12.685856601979474,3.296487251130661,-2.479142934205071
-12.702246061646113,3.283702855062957,-2.479142934205071
-12.718635521312752,3.2709184589952525,-2.479142934205071
-12.735024980979391,3.258134062927548,-2.479142934205071
-12.75141444064603,3.245349666859844,-2.479142934205071
-12.76780390031267,3.2325652707921395,-2.479142934205071
-12.784193359979309,3.219780874724435,-2.479142934205071
-12.800582819645948,3.2069964786567313,-2.479142934205071
-12.816972279312587,3.1942120825890266,-2.479142934205071
-12.833361738979226,3.1814276865213227,-2.479142934205071
-12.849751198645865,3.168643290453618,-2.479142934205071
-12.866140658312505,3.155858894385914,-2.479142934205071
-12.882530117979144,3.1430744983182093,-2.479142934205071
-12.898919577645783,3.1302901022505054,-2.479142934205071
-12.915309037312422,3.1175057061828007,-2.479142934205071
-12.931698496979061,3.1047213101150968,-2.479142934205071
-12.9480879566457,3.091936914047392,-2.479142934205071
-12.96447741631234,3.079152517979688,-2.479142934205071
-12.980866875978979,3.0663681219119834,-2.479142934205071
-12.99725633564562,3.0535837258442795,-2.479142934205071
-13.013645795312259,3.0407993297765747,-2.479142934205071
-13.030035254978898,3.028014933708871,-2.479142934205071
-13.046424714645537,3.015230537641166,-2.479142934205071
-13.062814174312177,3.0024461415734622,-2.479142934205071
-13.079203633978816,2.989661745505758,-2.479142934205071
-13.095593093645455,2.9768773494380536,-2.479142934205071
-13.111982553312094,2.9640929533703493,-2.479142934205071
-13.128372012978733,2.951308557302645,-2.479142934205071
-13.144761472645373,2.9385241612349406,-2.479142934205071
-13.161150932312012,2.9257397651672363,-2.479142934205071
-13.16340982795942,2.9054237922819532,-1.6815296567724036
-13.165668723606828,2.8851078193966706,-1.6815296567724036
-13.167927619254234,2.8647918465113875,-1.6815296567724036
-13.170186514901642,2.844475873626105,-1.6815296567724036
-13.17244541054905,2.824159900740822,-1.6815296567724036
-13.174704306196459,2.8038439278555387,-1.6815296567724036
-13.176963201843867,2.783527954970256,-1.6815296567724036
-13.179222097491273,2.763211982084973,-1.6815296567724036
-13.181480993138681,2.74289600919969,-1.6815296567724036
-13.18373988878609,2.7225800363144073,-1.6815296567724036
-13.185998784433497,2.702264063429124,-1.6815296567724036
-13.188257680080905,2.6819480905438415,-1.6815296567724036
-13.190516575728312,2.6616321176585584,-1.6815296567724036
-13.19277547137572,2.6413161447732754,-1.6815296567724036
-13.195034367023128,2.6210001718879927,-1.6815296567724036
-13.197293262670536,2.6006841990027096,-1.6815296567724036
-13.199552158317944,2.580368226117427,-1.6815296567724036
-13.20181105396535,2.560052253232144,-1.6815296567724036
-13.204069949612759,2.539736280346861,-1.6815296567724036
-13.206328845260167,2.519420307461578,-1.6815296567724036
-13.208587740907575,2.499104334576295,-1.6815296567724036
-13.210846636554983,2.478788361691012,-1.6815296567724036
-13.21310553220239,2.4584723888057294,-1.6815296567724036
-13.215364427849797,2.4381564159204463,-1.6815296567724036
-13.217623323497206,2.4178404430351637,-1.6815296567724036
-13.219882219144614,2.3975244701498806,-1.6815296567724036
-13.222141114792022,2.3772084972645975,-1.6815296567724036
-13.224400010439428,2.356892524379315,-1.6815296567724036
-13.226658906086836,2.3365765514940318,-1.6815296567724036
-13.228917801734244,2.316260578608749,-1.6815296567724036
-13.231176697381652,2.295944605723466,-1.6815296567724036
-13.23343559302906,2.275628632838183,-1.6815296567724036
-13.235694488676467,2.2553126599529003,-1.6815296567724036
-13.237953384323875,2.2349966870676172,-1.6815296567724036
-13.240212279971283,2.2146807141823346,-1.6815296567724036
-13.242471175618691,2.1943647412970515,-1.6815296567724036
-13.2447300712661,2.1740487684117684,-1.6815296567724036
-13.246988966913506,2.1537327955264858,-1.6815296567724036
-13.249247862560914,2.1334168226412027,-1.6815296567724036
-13.251506758208322,2.1131008497559196,-1.6815296567724036
-13.25376565385573,2.092784876870637,-1.6815296567724036
-13.256024549503138,2.072468903985354,-1.6815296567724036
-13.258283445150544,2.0521529311000712,-1.6815296567724036
-13.260542340797953,2.031836958214788,-1.6815296567724036
-13.26280123644536,2.011520985329505,-1.6815296567724036
-13.265060132092769,1.9912050124442224,-1.6815296567724036
-13.267319027740177,1.9708890395589393,-1.6815296567724036
-13.269577923387583,1.9505730666736567,-1.6815296567724036
-13.271836819034991,1.9302570937883736,-1.6815296567724036
-13.2740957146824,1.9099411209030908,-1.6815296567724036
-13.276354610329808,1.8896251480178077,-1.6815296567724036
-13.278613505977216,1.8693091751325248,-1.6815296567724036
-13.280872401624624,1.848993202247242,-1.6815296567724036
-13.28313129727203,1.8286772293619589,-1.6815296567724036
-13.285390192919438,1.808361256476676,-1.6815296567724036
-13.287649088566846,1.7880452835913931,-1.6815296567724036
-13.289907984214254,1.7677293107061105,-1.6815296567724036
-13.292166879861663,1.7474133378208274,-1.6815296567724036
-13.294425775509069,1.7270973649355446,-1.6815296567724036
-13.296684671156477,1.7067813920502617,-1.6815296567724036
-13.298943566803885,1.6864654191649786,-1.6815296567724036
-13.301202462451293,1.6661494462796957,-1.6815296567724036
-13.303461358098701,1.6458334733944129,-1.6815296567724036
-13.305720253746108,1.6255175005091298,-1.6815296567724036
-13.307979149393516,1.605201527623847,-1.6815296567724036
-13.310238045040924,1.584885554738564,-1.6815296567724036
-13.312496940688332,1.564569581853281,-1.6815296567724036
-13.31475583633574,1.5442536089679981,-1.6815296567724036
-13.317014731983146,1.5239376360827153,-1.6815296567724036
-13.319273627630555,1.5036216631974326,-1.6815296567724036
-13.321532523277963,1.4833056903121495,-1.6815296567724036
-13.32379141892537,1.4629897174268667,-1.6815296567724036
-13.326050314572779,1.4426737445415838,-1.6815296567724036
-13.328309210220185,1.4223577716563007,-1.6815296567724036
-13.330568105867593,1.4020417987710179,-1.6815296567724036
-13.332827001515001,1.381725825885735,-1.6815296567724036
-13.33508589716241,1.361409853000452,-1.6815296567724036
-13.337344792809818,1.341093880115169,-1.6815296567724036
-13.339603688457224,1.3207779072298862,-1.6815296567724036
-13.341862584104632,1.300461934344603,-1.6815296567724036
-13.34412147975204,1.2801459614593202,-1.6815296567724036
-13.346380375399448,1.2598299885740374,-1.6815296567724036
-13.348639271046856,1.2395140156887547,-1.6815296567724036
-13.350898166694263,1.2191980428034717,-1.6815296567724036
-13.35315706234167,1.1988820699181888,-1.6815296567724036
-13.355415957989079,1.178566097032906,-1.6815296567724036
-13.357674853636487,1.1582501241476229,-1.6815296567724036
-13.359933749283895,1.13793415126234,-1.6815296567724036
-13.362192644931302,1.1176181783770571,-1.6815296567724036
-13.36445154057871,1.097302205491774,-1.6815296567724036
-13.366710436226118,1.0769862326064912,-1.6815296567724036
-13.368969331873526,1.0566702597212083,-1.6815296567724036
-13.371228227520934,1.0363542868359252,-1.6815296567724036
-13.37348712316834,1.0160383139506424,-1.6815296567724036
-13.375746018815748,0.9957223410653597,-1.6815296567724036
-13.378004914463157,0.9754063681800769,-1.6815296567724036
-13.380263810110565,0.9550903952947938,-1.6815296567724036
-13.382522705757973,0.9347744224095109,-1.6815296567724036
-13.384781601405379,0.9144584495242278,-1.6815296567724036
-13.387040497052787,0.8941424766389452,-1.6815296567724036
-13.389299392700195,0.8738265037536621,-1.6815296567724036
-13.375210629831447,0.8605348037020994,-0.7562957416294869
-13.361121866962698,0.8472431036505369,-0.7562957416294869
-13.347033104093947,0.8339514035989742,-0.7562957416294869
-13.332944341225199,0.8206597035474116,-0.7562957416294869
-13.31885557835645,0.807368003495849,-0.7562957416294869
-13.304766815487701,0.7940763034442864,-0.7562957416294869
-13.290678052618953,0.7807846033927237,-0.7562957416294869
-13.276589289750204,0.7674929033411612,-0.7562957416294869
-13.262500526881453,0.7542012032895985,-0.7562957416294869
-13.248411764012705,0.740909503238036,-0.7562957416294869
-13.234323001143956,0.7276178031864733,-0.7562957416294869
-13.220234238275207,0.7143261031349106,-0.7562957416294869
-13.206145475406458,0.701034403083348,-0.7562957416294869
-13.19205671253771,0.6877427030317854,-0.7562957416294869
-13.17796794966896,0.6744510029802229,-0.7562957416294869
-13.16387918680021,0.6611593029286602,-0.7562957416294869
-13.149790423931462,0.6478676028770975,-0.7562957416294869
-13.135701661062713,0.6345759028255349,-0.7562957416294869
-13.121612898193964,0.6212842027739723,-0.7562957416294869
-13.107524135325214,0.6079925027224097,-0.7562957416294869
-13.093435372456465,0.5947008026708471,-0.7562957416294869
-13.079346609587716,0.5814091026192845,-0.7562957416294869
-13.065257846718968,0.5681174025677218,-0.7562957416294869
-13.051169083850219,0.5548257025161591,-0.7562957416294869
-13.03708032098147,0.5415340024645966,-0.7562957416294869
-13.02299155811272,0.5282423024130339,-0.7562957416294869
-13.008902795243971,0.5149506023614714,-0.7562957416294869
-12.994814032375222,0.5016589023099087,-0.7562957416294869
-12.980725269506474,0.4883672022583461,-0.7562957416294869
-12.966636506637725,0.4750755022067835,-0.7562957416294869
-12.952547743768974,0.46178380215522086,-0.7562957416294869
-12.938458980900226,0.44849210210365825,-0.7562957416294869
-12.924370218031477,0.4352004020520956,-0.7562957416294869
-12.910281455162728,0.421908702000533,-0.7562957416294869
-12.89619269229398,0.40861700194897044,-0.7562957416294869
-12.88210392942523,0.3953253018974078,-0.7562957416294869
-12.86801516655648,0.38203360184584517,-0.7562957416294869
-12.853926403687732,0.36874190179428257,-0.7562957416294869
-12.839837640818983,0.3554502017427199,-0.7562957416294869
-12.825748877950234,0.34215850169115725,-0.7562957416294869
-12.811660115081486,0.3288668016395946,-0.7562957416294869
-12.797571352212735,0.31557510158803204,-0.7562957416294869
-12.783482589343986,0.3022834015364694,-0.7562957416294869
-12.769393826475238,0.2889917014849068,-0.7562957416294869
-12.755305063606489,0.27570000143334417,-0.7562957416294869
-12.74121630073774,0.2624083013817815,-0.7562957416294869
-12.727127537868991,0.24911660133021885,-0.7562957416294869
-12.713038775000241,0.2358249012786563,-0.7562957416294869
-12.698950012131492,0.22253320122709375,-0.7562957416294869
-12.684861249262743,0.20924150117553109,-0.7562957416294869
-12.670772486393995,0.19594980112396843,-0.7562957416294869
-12.656683723525246,0.18265810107240577,-0.7562957416294869
-12.642594960656497,0.16936640102084322,-0.7562957416294869
-12.628506197787747,0.15607470096928056,-0.7562957416294869
-12.614417434918998,0.1427830009177179,-0.7562957416294869
-12.60032867205025,0.12949130086615523,-0.7562957416294869
-12.5862399091815,0.1161996008145928,-0.7562957416294869
-12.572151146312752,0.10290790076303014,-0.7562957416294869
-12.558062383444003,0.08961620071146748,-0.7562957416294869
-12.543973620575253,0.07632450065990493,-0.7562957416294869
-12.529884857706504,0.06303280060834227,-0.7562957416294869
-12.515796094837755,0.049741100556779605,-0.7562957416294869
-12.501707331969007,0.036449400505216945,-0.7562957416294869
-12.487618569100258,0.023157700453654395,-0.7562957416294869
-12.473529806231507,0.009866000402091735,-0.7562957416294869
-12.459441043362759,-0.0034256996494709258,-0.7562957416294869
-12.44535228049401,-0.016717399701033586,-0.7562957416294869
-12.431263517625261,-0.030009099752596136,-0.7562957416294869
-12.417174754756513,-0.043300799804158796,-0.7562957416294869
-12.403085991887764,-0.056592499855721234,-0.7562957416294869
-12.388997229019013,-0.0698841999072839,-0.7562957416294869
-12.374908466150265,-0.08317589995884656,-0.7562957416294869
-12.360819703281516,-0.09646760001040922,-0.7562957416294869
-12.346730940412767,-0.10975930006197177,-0.7562957416294869
-12.332642177544018,-0.12305100011353443,-0.7562957416294869
-12.318553414675268,-0.13634270016509697,-0.7562957416294869
-12.30446465180652,-0.14963440021665964,-0.7562957416294869
-12.29037588893777,-0.1629261002682223,-0.7562957416294869
-12.276287126069022,-0.17621780031978496,-0.7562957416294869
-12.262198363200273,-0.18950950037134762,-0.7562957416294869
-12.248109600331524,-0.20280120042291028,-0.7562957416294869
-12.234020837462774,-0.21609290047447294,-0.7562957416294869
-12.219932074594025,-0.22938460052603538,-0.7562957416294869
-12.205843311725276,-0.24267630057759804,-0.7562957416294869
-12.191754548856528,-0.2559680006291607,-0.7562957416294869
-12.177665785987779,-0.26925970068072336,-0.7562957416294869
-12.163577023119029,-0.2825514007322858,-0.7562957416294869
-12.14948826025028,-0.29584310078384846,-0.7562957416294869
-12.135399497381531,-0.3091348008354111,-0.7562957416294869
-12.121310734512782,-0.3224265008869738,-0.7562957416294869
-12.107221971644034,-0.33571820093853644,-0.7562957416294869
-12.093133208775285,-0.3490099009900991,-0.7562957416294869
-12.079044445906534,-0.36230160104166176,-0.7562957416294869
-12.064955683037786,-0.3755933010932244,-0.7562957416294869
-12.050866920169037,-0.38888500114478686,-0.7562957416294869
-12.036778157300288,-0.4021767011963495,-0.7562957416294869
-12.02268939443154,-0.4154684012479122,-0.7562957416294869
-12.00860063156279,-0.4287601012994746,-0.7562957416294869
-11.99451186869404,-0.4420518013510373,-0.7562957416294869
-11.980423105825292,-0.45534350140259994,-0.7562957416294869
-11.966334342956543,-0.4686352014541626,-0.7562957416294869
-11.928861013733515,-0.47292792206943624,-0.11405684851329796
-11.891387684510486,-0.47722064268470993,-0.11405684851329796
-11.853914355287458,-0.48151336329998357,-0.11405684851329796
-11.816441026064428,-0.4858060839152572,-0.11405684851329796
-11.7789676968414,-0.4900988045305309,-0.11405684851329796
-11.741494367618373,-0.49439152514580453,-0.11405684851329796
-11.704021038395343,-0.49868424576107817,-0.11405684851329796
-11.666547709172315,-0.5029769663763518,-0.11405684851329796
-11.629074379949287,-0.5072696869916254,-0.11405684851329796
-11.591601050726258,-0.5115624076068992,-0.11405684851329796
-11.55412772150323,-0.5158551282221728,-0.11405684851329796
-11.5166543922802,-0.5201478488374465,-0.11405684851329796
-11.479181063057172,-0.5244405694527201,-0.11405684851329796
-11.441707733834145,-0.5287332900679937,-0.11405684851329796
-11.404234404611115,-0.5330260106832674,-0.11405684851329796
-11.366761075388087,-0.537318731298541,-0.11405684851329796
-11.329287746165058,-0.5416114519138148,-0.11405684851329796
-11.29181441694203,-0.5459041725290884,-0.11405684851329796
-11.254341087719002,-0.550196893144362,-0.11405684851329796
-11.216867758495972,-0.5544896137596357,-0.11405684851329796
-11.179394429272945,-0.5587823343749093,-0.11405684851329796
-11.141921100049917,-0.5630750549901831,-0.11405684851329796
-11.104447770826887,-0.5673677756054567,-0.11405684851329796
-11.06697444160386,-0.5716604962207303,-0.11405684851329796
-11.02950111238083,-0.575953216836004,-0.11405684851329796
-10.992027783157802,-0.5802459374512776,-0.11405684851329796
-10.954554453934772,-0.5845386580665513,-0.11405684851329796
-10.917081124711745,-0.5888313786818249,-0.11405684851329796
-10.879607795488717,-0.5931240992970985,-0.11405684851329796
-10.842134466265687,-0.5974168199123723,-0.11405684851329796
-10.80466113704266,-0.6017095405276459,-0.11405684851329796
-10.767187807819631,-0.6060022611429196,-0.11405684851329796
-10.729714478596602,-0.6102949817581932,-0.11405684851329796
-10.692241149373574,-0.6145877023734669,-0.11405684851329796
-10.654767820150546,-0.6188804229887406,-0.11405684851329796
-10.617294490927517,-0.6231731436040142,-0.11405684851329796
-10.579821161704489,-0.6274658642192878,-0.11405684851329796
-10.54234783248146,-0.6317585848345615,-0.11405684851329796
-10.504874503258431,-0.6360513054498351,-0.11405684851329796
-10.467401174035402,-0.6403440260651088,-0.11405684851329796
-10.429927844812374,-0.6446367466803824,-0.11405684851329796
-10.392454515589346,-0.648929467295656,-0.11405684851329796
-10.354981186366317,-0.6532221879109298,-0.11405684851329796
-10.317507857143289,-0.6575149085262034,-0.11405684851329796
-10.280034527920261,-0.6618076291414771,-0.11405684851329796
-10.242561198697231,-0.6661003497567507,-0.11405684851329796
-10.205087869474204,-0.6703930703720244,-0.11405684851329796
-10.167614540251176,-0.6746857909872981,-0.11405684851329796
-10.130141211028146,-0.6789785116025717,-0.11405684851329796
-10.092667881805118,-0.6832712322178454,-0.11405684851329796
-10.055194552582089,-0.687563952833119,-0.11405684851329796
-10.017721223359061,-0.6918566734483926,-0.11405684851329796
-9.980247894136031,-0.6961493940636663,-0.11405684851329796
-9.942774564913003,-0.70044211467894,-0.11405684851329796
-9.905301235689976,-0.7047348352942137,-0.11405684851329796
-9.867827906466946,-0.7090275559094873,-0.11405684851329796
-9.830354577243918,-0.7133202765247609,-0.11405684851329796
-9.79288124802089,-0.7176129971400346,-0.11405684851329796
-9.75540791879786,-0.7219057177553082,-0.11405684851329796
-9.717934589574833,-0.726198438370582,-0.11405684851329796
-9.680461260351805,-0.7304911589858556,-0.11405684851329796
-9.642987931128776,-0.7347838796011292,-0.11405684851329796
-9.605514601905748,-0.7390766002164029,-0.11405684851329796
-9.568041272682718,-0.7433693208316765,-0.11405684851329796
-9.53056794345969,-0.7476620414469501,-0.11405684851329796
-9.49309461423666,-0.7519547620622238,-0.11405684851329796
-9.455621285013633,-0.7562474826774974,-0.11405684851329796
-9.418147955790605,-0.7605402032927712,-0.11405684851329796
-9.380674626567576,-0.7648329239080448,-0.11405684851329796
-9.343201297344548,-0.7691256445233184,-0.11405684851329796
-9.30572796812152,-0.7734183651385921,-0.11405684851329796
-9.26825463889849,-0.7777110857538658,-0.11405684851329796
-9.230781309675463,-0.7820038063691395,-0.11405684851329796
-9.193307980452435,-0.7862965269844131,-0.11405684851329796
-9.155834651229405,-0.7905892475996867,-0.11405684851329796
-9.118361322006377,-0.7948819682149604,-0.11405684851329796
-9.080887992783348,-0.799174688830234,-0.11405684851329796
-9.04341466356032,-0.8034674094455077,-0.11405684851329796
-9.00594133433729,-0.8077601300607813,-0.11405684851329796
-8.968468005114262,-0.812052850676055,-0.11405684851329796
-8.930994675891235,-0.8163455712913287,-0.11405684851329796
-8.893521346668205,-0.8206382919066023,-0.11405684851329796
-8.856048017445177,-0.824931012521876,-0.11405684851329796
-8.81857468822215,-0.8292237331371496,-0.11405684851329796
-8.78110135899912,-0.8335164537524233,-0.11405684851329796
-8.743628029776092,-0.837809174367697,-0.11405684851329796
-8.706154700553064,-0.8421018949829706,-0.11405684851329796
-8.668681371330035,-0.8463946155982442,-0.11405684851329796
-8.631208042107005,-0.8506873362135179,-0.11405684851329796
-8.593734712883977,-0.8549800568287915,-0.11405684851329796
-8.55626138366095,-0.8592727774440652,-0.11405684851329796
-8.51878805443792,-0.8635654980593388,-0.11405684851329796
-8.481314725214892,-0.8678582186746125,-0.11405684851329796
-8.443841395991864,-0.8721509392898862,-0.11405684851329796
-8.406368066768835,-0.8764436599051598,-0.11405684851329796
-8.368894737545807,-0.8807363805204335,-0.11405684851329796
-8.331421408322779,-0.8850291011357071,-0.11405684851329796
-8.29394807909975,-0.8893218217509808,-0.11405684851329796
-8.256474749876721,-0.8936145423662545,-0.11405684851329796
-8.219001420653694,-0.8979072629815281,-0.11405684851329796
-8.181528091430664,-0.9021999835968018,-0.11405684851329796
-8.152600911584232,-0.9035050939805437,-0.04508652175628738
-8.123673731737798,-0.9048102043642856,-0.04508652175628738
-8.094746551891365,-0.9061153147480275,-0.04508652175628738
-8.065819372044931,-0.9074204251317695,-0.04508652175628738
-8.036892192198499,-0.9087255355155114,-0.04508652175628738
-8.007965012352065,-0.9100306458992533,-0.04508652175628738
-7.979037832505632,-0.9113357562829952,-0.04508652175628738
-7.950110652659199,-0.9126408666667372,-0.04508652175628738
-7.921183472812766,-0.9139459770504791,-0.04508652175628738
-7.892256292966333,-0.915251087434221,-0.04508652175628738
-7.8633291131198995,-0.9165561978179629,-0.04508652175628738
-7.834401933273466,-0.9178613082017049,-0.04508652175628738
-7.805474753427033,-0.9191664185854468,-0.04508652175628738
-7.776547573580601,-0.9204715289691887,-0.04508652175628738
-7.747620393734167,-0.9217766393529306,-0.04508652175628738
-7.718693213887734,-0.9230817497366726,-0.04508652175628738
-7.689766034041301,-0.9243868601204145,-0.04508652175628738
-7.660838854194868,-0.9256919705041564,-0.04508652175628738
-7.6319116743484345,-0.9269970808878983,-0.04508652175628738
-7.602984494502001,-0.9283021912716403,-0.04508652175628738
-7.574057314655568,-0.9296073016553822,-0.04508652175628738
-7.545130134809135,-0.9309124120391241,-0.04508652175628738
-7.5162029549627025,-0.932217522422866,-0.04508652175628738
-7.487275775116269,-0.933522632806608,-0.04508652175628738
-7.458348595269836,-0.9348277431903499,-0.04508652175628738
-7.429421415423403,-0.9361328535740918,-0.04508652175628738
-7.40049423557697,-0.9374379639578337,-0.04508652175628738
-7.371567055730536,-0.9387430743415757,-0.04508652175628738
-7.342639875884103,-0.9400481847253176,-0.04508652175628738
-7.31371269603767,-0.9413532951090595,-0.04508652175628738
-7.284785516191237,-0.9426584054928014,-0.04508652175628738
-7.255858336344804,-0.9439635158765434,-0.04508652175628738
-7.22693115649837,-0.9452686262602853,-0.04508652175628738
-7.198003976651938,-0.9465737366440272,-0.04508652175628738
-7.169076796805505,-0.9478788470277691,-0.04508652175628738
-7.1401496169590715,-0.9491839574115111,-0.04508652175628738
-7.111222437112638,-0.950489067795253,-0.04508652175628738
-7.082295257266205,-0.9517941781789949,-0.04508652175628738
-7.053368077419772,-0.9530992885627368,-0.04508652175628738
-7.024440897573339,-0.9544043989464788,-0.04508652175628738
-6.995513717726905,-0.9557095093302207,-0.04508652175628738
-6.966586537880473,-0.9570146197139626,-0.04508652175628738
-6.93765935803404,-0.9583197300977045,-0.04508652175628738
-6.9087321781876065,-0.9596248404814465,-0.04508652175628738
-6.879804998341173,-0.9609299508651884,-0.04508652175628738
-6.85087781849474,-0.9622350612489303,-0.04508652175628738
-6.821950638648307,-0.9635401716326724,-0.04508652175628738
-6.793023458801874,-0.9648452820164142,-0.04508652175628738
-6.76409627895544,-0.9661503924001562,-0.04508652175628738
-6.735169099109008,-0.967455502783898,-0.04508652175628738
-6.706241919262574,-0.9687606131676401,-0.04508652175628738
-6.677314739416142,-0.9700657235513819,-0.04508652175628738
-6.648387559569708,-0.9713708339351239,-0.04508652175628738
-6.619460379723275,-0.9726759443188658,-0.04508652175628738
-6.590533199876842,-0.9739810547026078,-0.04508652175628738
-6.561606020030409,-0.9752861650863497,-0.04508652175628738
-6.532678840183976,-0.9765912754700916,-0.04508652175628738
-6.503751660337542,-0.9778963858538334,-0.04508652175628738
-6.47482448049111,-0.9792014962375755,-0.04508652175628738
-6.445897300644677,-0.9805066066213173,-0.04508652175628738
-6.4169701207982435,-0.9818117170050593,-0.04508652175628738
-6.38804294095181,-0.9831168273888012,-0.04508652175628738
-6.359115761105377,-0.9844219377725432,-0.04508652175628738
-6.330188581258944,-0.9857270481562851,-0.04508652175628738
-6.301261401412511,-0.987032158540027,-0.04508652175628738
-6.272334221566077,-0.9883372689237689,-0.04508652175628738
-6.243407041719644,-0.9896423793075109,-0.04508652175628738
-6.214479861873211,-0.9909474896912528,-0.04508652175628738
-6.185552682026778,-0.9922526000749947,-0.04508652175628738
-6.156625502180345,-0.9935577104587366,-0.04508652175628738
-6.127698322333912,-0.9948628208424786,-0.04508652175628738
-6.098771142487479,-0.9961679312262205,-0.04508652175628738
-6.069843962641046,-0.9974730416099624,-0.04508652175628738
-6.040916782794612,-0.9987781519937043,-0.04508652175628738
-6.011989602948179,-1.0000832623774463,-0.04508652175628738
-5.983062423101746,-1.001388372761188,-0.04508652175628738
-5.954135243255314,-1.0026934831449301,-0.04508652175628738
-5.9252080634088795,-1.003998593528672,-0.04508652175628738
-5.896280883562447,-1.005303703912414,-0.04508652175628738
-5.867353703716013,-1.0066088142961558,-0.04508652175628738
-5.838426523869581,-1.0079139246798978,-0.04508652175628738
-5.809499344023147,-1.0092190350636396,-0.04508652175628738
-5.780572164176714,-1.0105241454473817,-0.04508652175628738
-5.751644984330282,-1.0118292558311235,-0.04508652175628738
-5.722717804483848,-1.0131343662148655,-0.04508652175628738
-5.6937906246374155,-1.0144394765986073,-0.04508652175628738
-5.664863444790981,-1.0157445869823494,-0.04508652175628738
-5.635936264944549,-1.0170496973660912,-0.04508652175628738
-5.607009085098115,-1.0183548077498332,-0.04508652175628738
-5.578081905251683,-1.019659918133575,-0.04508652175628738
-5.549154725405249,-1.020965028517317,-0.04508652175628738
-5.520227545558816,-1.022270138901059,-0.04508652175628738
-5.491300365712383,-1.023575249284801,-0.04508652175628738
-5.46237318586595,-1.024880359668543,-0.04508652175628738
-5.433446006019517,-1.0261854700522848,-0.04508652175628738
-5.404518826173083,-1.0274905804360266,-0.04508652175628738
-5.375591646326651,-1.0287956908197686,-0.04508652175628738
-5.346664466480218,-1.0301008012035107,-0.04508652175628738
-5.317737286633784,-1.0314059115872525,-0.04508652175628738
-5.288810106787351,-1.0327110219709943,-0.04508652175628738
-5.259882926940918,-1.0340161323547363,-0.04508652175628738
-5.228051983483947,-1.0341719117495094,-0.004893921894531662
-5.196221040026976,-1.0343276911442822,-0.004893921894531662
-5.164390096570005,-1.0344834705390553,-0.004893921894531662
-5.132559153113035,-1.0346392499338282,-0.004893921894531662
-5.100728209656064,-1.0347950293286012,-0.004893921894531662
-5.068897266199093,-1.034950808723374,-0.004893921894531662
-5.037066322742122,-1.0351065881181472,-0.004893921894531662
-5.005235379285152,-1.0352623675129202,-0.004893921894531662
-4.973404435828181,-1.035418146907693,-0.004893921894531662
-4.94157349237121,-1.0355739263024661,-0.004893921894531662
-4.909742548914239,-1.035729705697239,-0.004893921894531662
-4.877911605457268,-1.035885485092012,-0.004893921894531662
-4.846080662000297,-1.036041264486785,-0.004893921894531662
-4.814249718543326,-1.036197043881558,-0.004893921894531662
-4.782418775086356,-1.0363528232763308,-0.004893921894531662
-4.750587831629385,-1.036508602671104,-0.004893921894531662
-4.718756888172414,-1.036664382065877,-0.004893921894531662
-4.686925944715443,-1.0368201614606498,-0.004893921894531662
-4.655095001258473,-1.0369759408554229,-0.004893921894531662
-4.623264057801501,-1.0371317202501957,-0.004893921894531662
-4.591433114344531,-1.0372874996449688,-0.004893921894531662
-4.55960217088756,-1.0374432790397417,-0.004893921894531662
-4.5277712274305895,-1.0375990584345147,-0.004893921894531662
-4.495940283973618,-1.0377548378292878,-0.004893921894531662
-4.464109340516647,-1.0379106172240606,-0.004893921894531662
-4.432278397059677,-1.0380663966188337,-0.004893921894531662
-4.400447453602705,-1.0382221760136066,-0.004893921894531662
-4.368616510145735,-1.0383779554083796,-0.004893921894531662
-4.336785566688764,-1.0385337348031525,-0.004893921894531662
-4.304954623231794,-1.0386895141979255,-0.004893921894531662
-4.273123679774822,-1.0388452935926984,-0.004893921894531662
-4.241292736317852,-1.0390010729874715,-0.004893921894531662
-4.209461792860881,-1.0391568523822445,-0.004893921894531662
-4.17763084940391,-1.0393126317770174,-0.004893921894531662
-4.145799905946939,-1.0394684111717905,-0.004893921894531662
-4.1139689624899685,-1.0396241905665633,-0.004893921894531662
-4.082138019032998,-1.0397799699613364,-0.004893921894531662
-4.050307075576027,-1.0399357493561092,-0.004893921894531662
-4.018476132119056,-1.0400915287508823,-0.004893921894531662
-3.9866451886620853,-1.0402473081456554,-0.004893921894531662
-3.9548142452051143,-1.0404030875404282,-0.004893921894531662
-3.9229833017481437,-1.0405588669352013,-0.004893921894531662
-3.8911523582911727,-1.0407146463299741,-0.004893921894531662
-3.859321414834202,-1.0408704257247472,-0.004893921894531662
-3.827490471377231,-1.04102620511952,-0.004893921894531662
-3.79565952792026,-1.0411819845142931,-0.004893921894531662
-3.7638285844632895,-1.0413377639090662,-0.004893921894531662
-3.731997641006319,-1.041493543303839,-0.004893921894531662
-3.700166697549348,-1.041649322698612,-0.004893921894531662
-3.668335754092377,-1.041805102093385,-0.004893921894531662
-3.6365048106354063,-1.041960881488158,-0.004893921894531662
-3.6046738671784353,-1.0421166608829309,-0.004893921894531662
-3.5728429237214643,-1.042272440277704,-0.004893921894531662
-3.5410119802644937,-1.0424282196724768,-0.004893921894531662
-3.5091810368075227,-1.0425839990672499,-0.004893921894531662
-3.4773500933505517,-1.042739778462023,-0.004893921894531662
-3.4455191498935815,-1.0428955578567958,-0.004893921894531662
-3.4136882064366105,-1.0430513372515688,-0.004893921894531662
-3.38185726297964,-1.0432071166463417,-0.004893921894531662
-3.350026319522669,-1.0433628960411148,-0.004893921894531662
-3.318195376065698,-1.0435186754358876,-0.004893921894531662
-3.2863644326087273,-1.0436744548306607,-0.004893921894531662
-3.2545334891517563,-1.0438302342254338,-0.004893921894531662
-3.2227025456947853,-1.0439860136202066,-0.004893921894531662
-3.1908716022378147,-1.0441417930149797,-0.004893921894531662
-3.1590406587808437,-1.0442975724097525,-0.004893921894531662
-3.127209715323873,-1.0444533518045256,-0.004893921894531662
-3.095378771866902,-1.0446091311992984,-0.004893921894531662
-3.063547828409931,-1.0447649105940715,-0.004893921894531662
-3.031716884952961,-1.0449206899888446,-0.004893921894531662
-2.99988594149599,-1.0450764693836174,-0.004893921894531662
-2.968054998039019,-1.0452322487783905,-0.004893921894531662
-2.9362240545820484,-1.0453880281731633,-0.004893921894531662
-2.9043931111250774,-1.0455438075679364,-0.004893921894531662
-2.8725621676681063,-1.0456995869627093,-0.004893921894531662
-2.8407312242111358,-1.0458553663574823,-0.004893921894531662
-2.8089002807541648,-1.0460111457522552,-0.004893921894531662
-2.777069337297194,-1.0461669251470282,-0.004893921894531662
-2.745238393840223,-1.0463227045418013,-0.004893921894531662
-2.713407450383252,-1.0464784839365742,-0.004893921894531662
-2.6815765069262816,-1.0466342633313472,-0.004893921894531662
-2.6497455634693106,-1.04679004272612,-0.004893921894531662
-2.61791462001234,-1.0469458221208932,-0.004893921894531662
-2.5860836765553694,-1.047101601515666,-0.004893921894531662
-2.5542527330983984,-1.047257380910439,-0.004893921894531662
-2.5224217896414274,-1.0474131603052121,-0.004893921894531662
-2.490590846184457,-1.047568939699985,-0.004893921894531662
-2.458759902727486,-1.047724719094758,-0.004893921894531662
-2.426928959270515,-1.047880498489531,-0.004893921894531662
-2.395098015813544,-1.048036277884304,-0.004893921894531662
-2.363267072356573,-1.0481920572790768,-0.004893921894531662
-2.3314361288996026,-1.04834783667385,-0.004893921894531662
-2.2996051854426316,-1.0485036160686227,-0.004893921894531662
-2.267774241985661,-1.0486593954633958,-0.004893921894531662
-2.2359432985286904,-1.0488151748581689,-0.004893921894531662
-2.2041123550717194,-1.0489709542529417,-0.004893921894531662
-2.1722814116147484,-1.0491267336477148,-0.004893921894531662
-2.140450468157778,-1.0492825130424877,-0.004893921894531662
-2.108619524700807,-1.0494382924372607,-0.004893921894531662
-2.0767885812438363,-1.0495940718320336,-0.004893921894531662
-2.0449576377868652,-1.0497498512268066,-0.004893921894531662
-2.0069995422174434,-1.0535446582454266,-0.09964250221199729
-1.9690414466480217,-1.0573394652640467,-0.09964250221199729
-1.9310833510786,-1.0611342722826664,-0.09964250221199729
-1.8931252555091782,-1.0649290793012864,-0.09964250221199729
-1.8551671599397566,-1.0687238863199064,-0.09964250221199729
-1.8172090643703347,-1.0725186933385265,-0.09964250221199729
-1.779250968800913,-1.0763135003571462,-0.09964250221199729
-1.7412928732314912,-1.0801083073757662,-0.09964250221199729
-1.7033347776620695,-1.0839031143943862,-0.09964250221199729
-1.6653766820926477,-1.0876979214130063,-0.09964250221199729
-1.627418586523226,-1.091492728431626,-0.09964250221199729
-1.5894604909538042,-1.095287535450246,-0.09964250221199729
-1.5515023953843825,-1.099082342468866,-0.09964250221199729
-1.5135442998149609,-1.102877149487486,-0.09964250221199729
-1.475586204245539,-1.1066719565061058,-0.09964250221199729
-1.4376281086761171,-1.1104667635247258,-0.09964250221199729
-1.3996700131066955,-1.1142615705433458,-0.09964250221199729
-1.3617119175372738,-1.1180563775619659,-0.09964250221199729
-1.323753821967852,-1.1218511845805859,-0.09964250221199729
-1.28579572639843,-1.1256459915992056,-0.09964250221199729
-1.2478376308290087,-1.1294407986178256,-0.09964250221199729
-1.2098795352595868,-1.1332356056364457,-0.09964250221199729
-1.171921439690165,-1.1370304126550657,-0.09964250221199729
-1.1339633441207433,-1.1408252196736854,-0.09964250221199729
-1.0960052485513216,-1.1446200266923054,-0.09964250221199729
-1.0580471529818998,-1.1484148337109255,-0.09964250221199729
-1.020089057412478,-1.1522096407295455,-0.09964250221199729
-0.9821309618430563,-1.1560044477481652,-0.09964250221199729
-0.9441728662736346,-1.1597992547667852,-0.09964250221199729
-0.9062147707042127,-1.1635940617854053,-0.09964250221199729
-0.8682566751347911,-1.1673888688040253,-0.09964250221199729
-0.8302985795653692,-1.171183675822645,-0.09964250221199729
-0.7923404839959474,-1.174978482841265,-0.09964250221199729
-0.7543823884265257,-1.178773289859885,-0.09964250221199729
-0.7164242928571041,-1.182568096878505,-0.09964250221199729
-0.6784661972876824,-1.1863629038971248,-0.09964250221199729
-0.6405081017182606,-1.1901577109157448,-0.09964250221199729
-0.6025500061488387,-1.1939525179343649,-0.09964250221199729
-0.564591910579417,-1.1977473249529849,-0.09964250221199729
-0.5266338150099952,-1.2015421319716046,-0.09964250221199729
-0.4886757194405733,-1.2053369389902246,-0.09964250221199729
-0.4507176238711519,-1.2091317460088447,-0.09964250221199729
-0.41275952830173,-1.2129265530274647,-0.09964250221199729
-0.37480143273230837,-1.2167213600460847,-0.09964250221199729
-0.3368433371628865,-1.2205161670647044,-0.09964250221199729
-0.29888524159346463,-1.2243109740833245,-0.09964250221199729
-0.260927146024043,-1.2281057811019445,-0.09964250221199729
-0.22296905045462134,-1.2319005881205642,-0.09964250221199729
-0.18501095488519947,-1.2356953951391842,-0.09964250221199729
-0.14705285931577783,-1.2394902021578043,-0.09964250221199729
-0.10909476374635596,-1.2432850091764243,-0.09964250221199729
-0.07113666817693431,-1.2470798161950443,-0.09964250221199729
-0.033178572607512447,-1.2508746232136643,-0.09964250221199729
0.0047795229619094215,-1.254669430232284,-0.09964250221199729
0.04273761853133129,-1.258464237250904,-0.09964250221199729
0.08069571410075271,-1.262259044269524,-0.09964250221199729
0.11865380967017414,-1.2660538512881438,-0.09964250221199729
0.156611905239596,-1.2698486583067639,-0.09964250221199729
0.19457000080901787,-1.2736434653253839,-0.09964250221199729
0.23252809637843974,-1.2774382723440039,-0.09964250221199729
0.2704861919478616,-1.2812330793626239,-0.09964250221199729
0.30844428751728303,-1.2850278863812437,-0.09964250221199729
0.3464023830867049,-1.2888226933998637,-0.09964250221199729
0.38436047865612677,-1.2926175004184837,-0.09964250221199729
0.42231857422554864,-1.2964123074371037,-0.09964250221199729
0.4602766697949705,-1.3002071144557235,-0.09964250221199729
0.49823476536439193,-1.3040019214743435,-0.09964250221199729
0.5361928609338138,-1.3077967284929635,-0.09964250221199729
0.5741509565032357,-1.3115915355115835,-0.09964250221199729
0.6121090520726571,-1.3153863425302033,-0.09964250221199729
0.650067147642079,-1.3191811495488233,-0.09964250221199729
0.6880252432115004,-1.3229759565674433,-0.09964250221199729
0.7259833387809222,-1.326770763586063,-0.09964250221199729
0.7639414343503441,-1.330565570604683,-0.09964250221199729
0.801899529919766,-1.334360377623303,-0.09964250221199729
0.8398576254891879,-1.338155184641923,-0.09964250221199729
0.8778157210586097,-1.341949991660543,-0.09964250221199729
0.9157738166280311,-1.345744798679163,-0.09964250221199729
0.953731912197453,-1.3495396056977829,-0.09964250221199729
0.9916900077668749,-1.3533344127164029,-0.09964250221199729
1.0296481033362967,-1.3571292197350229,-0.09964250221199729
1.0676061989057186,-1.3609240267536427,-0.09964250221199729
1.1055642944751396,-1.3647188337722627,-0.09964250221199729
1.1435223900445615,-1.3685136407908827,-0.09964250221199729
1.1814804856139833,-1.3723084478095027,-0.09964250221199729
1.2194385811834052,-1.3761032548281227,-0.09964250221199729
1.257396676752827,-1.3798980618467425,-0.09964250221199729
1.2953547723222485,-1.3836928688653625,-0.09964250221199729
1.3333128678916704,-1.3874876758839825,-0.09964250221199729
1.3712709634610922,-1.3912824829026025,-0.09964250221199729
1.409229059030514,-1.3950772899212223,-0.09964250221199729
1.447187154599936,-1.3988720969398423,-0.09964250221199729
1.4851452501693574,-1.4026669039584623,-0.09964250221199729
1.5231033457387793,-1.4064617109770823,-0.09964250221199729
1.5610614413082007,-1.410256517995702,-0.09964250221199729
1.5990195368776225,-1.414051325014322,-0.09964250221199729
1.6369776324470444,-1.417846132032942,-0.09964250221199729
1.6749357280164663,-1.421640939051562,-0.09964250221199729
1.7128938235858877,-1.4254357460701819,-0.09964250221199729
1.7508519191553096,-1.4292305530888019,-0.09964250221199729
1.7888100147247314,-1.4330253601074219,-0.09964250221199729
1.8273677070542138,-1.437705913392624,-0.1207998629103343
1.865925399383696,-1.4423864666778263,-0.1207998629103343
1.9044830917131783,-1.4470670199630284,-0.1207998629103343
1.9430407840426605,-1.4517475732482306,-0.1207998629103343
1.9815984763721428,-1.4564281265334327,-0.1207998629103343
2.020156168701625,-1.461108679818635,-0.1207998629103343
2.0587138610311073,-1.4657892331038371,-0.1207998629103343
2.0972715533605895,-1.4704697863890392,-0.1207998629103343
2.135829245690072,-1.4751503396742414,-0.1207998629103343
2.174386938019554,-1.4798308929594437,-0.1207998629103343
2.2129446303490363,-1.4845114462446458,-0.1207998629103343
2.251502322678519,-1.489191999529848,-0.1207998629103343
2.290060015008001,-1.4938725528150503,-0.1207998629103343
2.328617707337483,-1.4985531061002524,-0.1207998629103343
2.3671753996669658,-1.5032336593854545,-0.1207998629103343
2.405733091996448,-1.5079142126706566,-0.1207998629103343
2.44429078432593,-1.512594765955859,-0.1207998629103343
2.4828484766554126,-1.517275319241061,-0.1207998629103343
2.521406168984895,-1.5219558725262632,-0.1207998629103343
2.559963861314377,-1.5266364258114655,-0.1207998629103343
2.598521553643859,-1.5313169790966676,-0.1207998629103343
2.6370792459733416,-1.5359975323818698,-0.1207998629103343
2.675636938302824,-1.5406780856670719,-0.1207998629103343
2.714194630632306,-1.5453586389522742,-0.1207998629103343
2.7527523229617885,-1.5500391922374763,-0.1207998629103343
2.7913100152912707,-1.5547197455226784,-0.1207998629103343
2.8298677076207532,-1.5594002988078808,-0.1207998629103343
2.8684253999502354,-1.564080852093083,-0.1207998629103343
2.9069830922797175,-1.568761405378285,-0.1207998629103343
2.9455407846091997,-1.5734419586634871,-0.1207998629103343
2.984098476938682,-1.5781225119486895,-0.1207998629103343
3.0226561692681644,-1.5828030652338916,-0.1207998629103343
3.0612138615976465,-1.5874836185190937,-0.1207998629103343
3.0997715539271287,-1.592164171804296,-0.1207998629103343
3.1383292462566112,-1.5968447250894982,-0.1207998629103343
3.1768869385860934,-1.6015252783747003,-0.1207998629103343
3.2154446309155755,-1.6062058316599024,-0.1207998629103343
3.254002323245058,-1.6108863849451045,-0.1207998629103343
3.2925600155745403,-1.6155669382303068,-0.1207998629103343
3.3311177079040224,-1.620247491515509,-0.1207998629103343
3.369675400233505,-1.624928044800711,-0.1207998629103343
3.4082330925629867,-1.6296085980859134,-0.1207998629103343
3.4467907848924693,-1.6342891513711155,-0.1207998629103343
3.485348477221952,-1.6389697046563176,-0.1207998629103343
3.523906169551434,-1.6436502579415198,-0.1207998629103343
3.562463861880916,-1.648330811226722,-0.1207998629103343
3.6010215542103987,-1.6530113645119242,-0.1207998629103343
3.6395792465398804,-1.6576919177971263,-0.1207998629103343
3.678136938869363,-1.6623724710823287,-0.1207998629103343
3.7166946311988456,-1.6670530243675308,-0.1207998629103343
3.7552523235283273,-1.671733577652733,-0.1207998629103343
3.79381001585781,-1.676414130937935,-0.1207998629103343
3.832367708187292,-1.6810946842231373,-0.1207998629103343
3.8709254005167746,-1.6857752375083395,-0.1207998629103343
3.9094830928462567,-1.6904557907935416,-0.1207998629103343
3.9480407851757393,-1.695136344078744,-0.1207998629103343
3.986598477505221,-1.699816897363946,-0.1207998629103343
4.025156169834704,-1.7044974506491481,-0.1207998629103343
4.063713862164185,-1.7091780039343503,-0.1207998629103343
4.102271554493668,-1.7138585572195524,-0.1207998629103343
4.1408292468231505,-1.7185391105047547,-0.1207998629103343
4.179386939152632,-1.7232196637899568,-0.1207998629103343
4.217944631482115,-1.7279002170751592,-0.1207998629103343
4.256502323811597,-1.7325807703603613,-0.1207998629103343
4.295060016141079,-1.7372613236455634,-0.1207998629103343
4.333617708470562,-1.7419418769307655,-0.1207998629103343
4.372175400800044,-1.7466224302159679,-0.1207998629103343
4.410733093129526,-1.75130298350117,-0.1207998629103343
4.449290785459009,-1.755983536786372,-0.1207998629103343
4.487848477788491,-1.7606640900715742,-0.1207998629103343
4.526406170117973,-1.7653446433567765,-0.1207998629103343
4.564963862447455,-1.7700251966419787,-0.1207998629103343
4.603521554776938,-1.7747057499271808,-0.1207998629103343
4.64207924710642,-1.779386303212383,-0.1207998629103343
4.680636939435902,-1.7840668564975852,-0.1207998629103343
4.719194631765385,-1.7887474097827873,-0.1207998629103343
4.7577523240948665,-1.7934279630679895,-0.1207998629103343
4.796310016424349,-1.7981085163531918,-0.1207998629103343
4.834867708753832,-1.802789069638394,-0.1207998629103343
4.873425401083313,-1.807469622923596,-0.1207998629103343
4.911983093412796,-1.8121501762087981,-0.1207998629103343
4.9505407857422785,-1.8168307294940005,-0.1207998629103343
4.98909847807176,-1.8215112827792026,-0.1207998629103343
5.027656170401242,-1.8261918360644047,-0.1207998629103343
5.066213862730725,-1.830872389349607,-0.1207998629103343
5.104771555060207,-1.8355529426348092,-0.1207998629103343
5.14332924738969,-1.8402334959200113,-0.1207998629103343
5.181886939719172,-1.8449140492052134,-0.1207998629103343
5.220444632048654,-1.8495946024904157,-0.1207998629103343
5.2590023243781365,-1.8542751557756179,-0.1207998629103343
5.297560016707619,-1.85895570906082,-0.1207998629103343
5.336117709037101,-1.8636362623460223,-0.1207998629103343
5.374675401366583,-1.8683168156312244,-0.1207998629103343
5.413233093696066,-1.8729973689164265,-0.1207998629103343
5.451790786025548,-1.8776779222016287,-0.1207998629103343
5.490348478355029,-1.8823584754868308,-0.1207998629103343
5.528906170684512,-1.8870390287720331,-0.1207998629103343
5.5674638630139945,-1.8917195820572352,-0.1207998629103343
5.606021555343476,-1.8964001353424376,-0.1207998629103343
5.64457924767296,-1.9010806886276397,-0.1207998629103343
5.683136940002441,-1.9057612419128418,-0.1207998629103343
5.717883346104386,-1.9108555434954049,-0.14557659713408938
5.75262975220633,-1.915949845077968,-0.14557659713408938
5.787376158308275,-1.921044146660531,-0.14557659713408938
5.822122564410219,-1.9261384482430939,-0.14557659713408938
5.8568689705121635,-1.931232749825657,-0.14557659713408938
5.891615376614108,-1.93632705140822,-0.14557659713408938
5.926361782716052,-1.9414213529907831,-0.14557659713408938
5.961108188817997,-1.9465156545733462,-0.14557659713408938
5.995854594919941,-1.9516099561559093,-0.14557659713408938
6.030601001021886,-1.9567042577384721,-0.14557659713408938
6.06534740712383,-1.9617985593210352,-0.14557659713408938
6.100093813225774,-1.9668928609035983,-0.14557659713408938
6.134840219327719,-1.9719871624861613,-0.14557659713408938
6.169586625429663,-1.9770814640687244,-0.14557659713408938
6.204333031531608,-1.9821757656512875,-0.14557659713408938
6.239079437633552,-1.9872700672338506,-0.14557659713408938
6.273825843735497,-1.9923643688164134,-0.14557659713408938
6.308572249837441,-1.9974586703989765,-0.14557659713408938
6.3433186559393855,-2.0025529719815394,-0.14557659713408938
6.37806506204133,-2.0076472735641024,-0.14557659713408938
6.412811468143274,-2.0127415751466655,-0.14557659713408938
6.447557874245219,-2.0178358767292286,-0.14557659713408938
6.482304280347163,-2.0229301783117917,-0.14557659713408938
6.517050686449108,-2.0280244798943547,-0.14557659713408938
6.551797092551052,-2.033118781476918,-0.14557659713408938
6.586543498652996,-2.038213083059481,-0.14557659713408938
6.621289904754941,-2.043307384642044,-0.14557659713408938
6.656036310856885,-2.048401686224607,-0.14557659713408938
6.69078271695883,-2.05349598780717,-0.14557659713408938
6.725529123060774,-2.058590289389733,-0.14557659713408938
6.760275529162719,-2.0636845909722963,-0.14557659713408938
6.795021935264663,-2.0687788925548594,-0.14557659713408938
6.8297683413666075,-2.073873194137422,-0.14557659713408938
6.864514747468552,-2.078967495719985,-0.14557659713408938
6.899261153570496,-2.084061797302548,-0.14557659713408938
6.934007559672441,-2.0891560988851112,-0.14557659713408938
6.968753965774385,-2.0942504004676743,-0.14557659713408938
7.00350037187633,-2.0993447020502374,-0.14557659713408938
7.038246777978274,-2.1044390036328005,-0.14557659713408938
7.072993184080218,-2.1095333052153635,-0.14557659713408938
7.107739590182163,-2.1146276067979266,-0.14557659713408938
7.142485996284107,-2.1197219083804897,-0.14557659713408938
7.177232402386052,-2.1248162099630528,-0.14557659713408938
7.211978808487996,-2.1299105115456154,-0.14557659713408938
7.24672521458994,-2.1350048131281785,-0.14557659713408938
7.281471620691885,-2.1400991147107415,-0.14557659713408938
7.3162180267938295,-2.1451934162933046,-0.14557659713408938
7.350964432895774,-2.1502877178758677,-0.14557659713408938
7.385710838997718,-2.1553820194584308,-0.14557659713408938
7.420457245099662,-2.160476321040994,-0.14557659713408938
7.455203651201607,-2.165570622623557,-0.14557659713408938
7.489950057303552,-2.17066492420612,-0.14557659713408938
7.524696463405496,-2.175759225788683,-0.14557659713408938
7.55944286950744,-2.180853527371246,-0.14557659713408938
7.594189275609384,-2.1859478289538092,-0.14557659713408938
7.628935681711329,-2.1910421305363723,-0.14557659713408938
7.663682087813274,-2.196136432118935,-0.14557659713408938
7.698428493915218,-2.201230733701498,-0.14557659713408938
7.733174900017162,-2.206325035284061,-0.14557659713408938
7.767921306119106,-2.211419336866624,-0.14557659713408938
7.8026677122210515,-2.2165136384491873,-0.14557659713408938
7.837414118322996,-2.2216079400317503,-0.14557659713408938
7.87216052442494,-2.2267022416143134,-0.14557659713408938
7.906906930526885,-2.2317965431968765,-0.14557659713408938
7.941653336628828,-2.2368908447794396,-0.14557659713408938
7.976399742730774,-2.2419851463620026,-0.14557659713408938
8.011146148832719,-2.2470794479445657,-0.14557659713408938
8.045892554934662,-2.252173749527129,-0.14557659713408938
8.080638961036607,-2.257268051109692,-0.14557659713408938
8.11538536713855,-2.2623623526922545,-0.14557659713408938
8.150131773240496,-2.2674566542748176,-0.14557659713408938
8.18487817934244,-2.2725509558573807,-0.14557659713408938
8.219624585444384,-2.2776452574399437,-0.14557659713408938
8.25437099154633,-2.282739559022507,-0.14557659713408938
8.289117397648273,-2.28783386060507,-0.14557659713408938
8.323863803750218,-2.292928162187633,-0.14557659713408938
8.358610209852163,-2.298022463770196,-0.14557659713408938
8.393356615954106,-2.303116765352759,-0.14557659713408938
8.428103022056051,-2.308211066935322,-0.14557659713408938
8.462849428157995,-2.3133053685178853,-0.14557659713408938
8.49759583425994,-2.3183996701004483,-0.14557659713408938
8.532342240361885,-2.3234939716830114,-0.14557659713408938
8.567088646463828,-2.328588273265574,-0.14557659713408938
8.601835052565773,-2.333682574848137,-0.14557659713408938
8.636581458667717,-2.3387768764307,-0.14557659713408938
8.671327864769662,-2.3438711780132633,-0.14557659713408938
8.706074270871607,-2.3489654795958264,-0.14557659713408938
8.74082067697355,-2.3540597811783894,-0.14557659713408938
8.775567083075495,-2.3591540827609525,-0.14557659713408938
8.810313489177439,-2.3642483843435156,-0.14557659713408938
8.845059895279384,-2.3693426859260787,-0.14557659713408938
8.879806301381329,-2.3744369875086417,-0.14557659713408938
8.914552707483272,-2.379531289091205,-0.14557659713408938
8.949299113585218,-2.384625590673768,-0.14557659713408938
8.984045519687161,-2.3897198922563305,-0.14557659713408938
9.018791925789106,-2.3948141938388936,-0.14557659713408938
9.053538331891051,-2.3999084954214567,-0.14557659713408938
9.088284737992995,-2.4050027970040198,-0.14557659713408938
9.12303114409494,-2.410097098586583,-0.14557659713408938
9.157777550196883,-2.415191400169146,-0.14557659713408938
9.192523956298828,-2.420285701751709,-0.14557659713408938
9.226269995812142,-2.4181063576500015,0.06449117929472091
9.260016035325457,-2.415927013548294,0.06449117929472091
9.29376207483877,-2.4137476694465865,0.06449117929472091
9.327508114352085,-2.411568325344879,0.06449117929472091
9.3612541538654,-2.4093889812431715,0.06449117929472091
9.395000193378714,-2.407209637141464,0.06449117929472091
9.428746232892028,-2.4050302930397565,0.06449117929472091
9.462492272405342,-2.4028509489380485,0.06449117929472091
9.496238311918654,-2.400671604836341,0.06449117929472091
9.529984351431969,-2.3984922607346335,0.06449117929472091
9.563730390945283,-2.396312916632926,0.06449117929472091
9.597476430458597,-2.3941335725312185,0.06449117929472091
9.631222469971911,-2.391954228429511,0.06449117929472091
9.664968509485226,-2.3897748843278035,0.06449117929472091
9.69871454899854,-2.387595540226096,0.06449117929472091
9.732460588511854,-2.3854161961243885,0.06449117929472091
9.766206628025168,-2.383236852022681,0.06449117929472091
9.799952667538482,-2.3810575079209735,0.06449117929472091
9.833698707051797,-2.378878163819266,0.06449117929472091
9.867444746565111,-2.3766988197175585,0.06449117929472091
9.901190786078425,-2.374519475615851,0.06449117929472091
9.93493682559174,-2.372340131514143,0.06449117929472091
9.968682865105054,-2.3701607874124355,0.06449117929472091
10.002428904618368,-2.367981443310728,0.06449117929472091
10.03617494413168,-2.3658020992090205,0.06449117929472091
10.069920983644995,-2.363622755107313,0.06449117929472091
10.103667023158309,-2.3614434110056055,0.06449117929472091
10.137413062671623,-2.359264066903898,0.06449117929472091
10.171159102184937,-2.3570847228021905,0.06449117929472091
10.204905141698251,-2.354905378700483,0.06449117929472091
10.238651181211566,-2.3527260345987755,0.06449117929472091
10.27239722072488,-2.350546690497068,0.06449117929472091
10.306143260238194,-2.3483673463953605,0.06449117929472091
10.339889299751508,-2.346188002293653,0.06449117929472091
10.373635339264823,-2.3440086581919455,0.06449117929472091
10.407381378778137,-2.341829314090238,0.06449117929472091
10.441127418291451,-2.33964996998853,0.06449117929472091
10.474873457804765,-2.3374706258868225,0.06449117929472091
10.50861949731808,-2.335291281785115,0.06449117929472091
10.542365536831394,-2.3331119376834075,0.06449117929472091
10.576111576344708,-2.3309325935817,0.06449117929472091
10.609857615858022,-2.3287532494799925,0.06449117929472091
10.643603655371335,-2.326573905378285,0.06449117929472091
10.677349694884649,-2.3243945612765775,0.06449117929472091
10.711095734397963,-2.32221521717487,0.06449117929472091
10.744841773911277,-2.3200358730731625,0.06449117929472091
10.778587813424592,-2.317856528971455,0.06449117929472091
10.812333852937906,-2.3156771848697475,0.06449117929472091
10.84607989245122,-2.31349784076804,0.06449117929472091
10.879825931964534,-2.3113184966663325,0.06449117929472091
10.913571971477849,-2.3091391525646245,0.06449117929472091
10.947318010991163,-2.306959808462917,0.06449117929472091
10.981064050504477,-2.3047804643612095,0.06449117929472091
11.014810090017791,-2.302601120259502,0.06449117929472091
11.048556129531105,-2.3004217761577945,0.06449117929472091
11.08230216904442,-2.298242432056087,0.06449117929472091
11.116048208557732,-2.2960630879543795,0.06449117929472091
11.149794248071046,-2.293883743852672,0.06449117929472091
11.18354028758436,-2.2917043997509645,0.06449117929472091
11.217286327097675,-2.289525055649257,0.06449117929472091
11.251032366610989,-2.2873457115475495,0.06449117929472091
11.284778406124303,-2.285166367445842,0.06449117929472091
11.318524445637618,-2.2829870233441345,0.06449117929472091
11.352270485150932,-2.280807679242427,0.06449117929472091
11.386016524664246,-2.278628335140719,0.06449117929472091
11.41976256417756,-2.2764489910390115,0.06449117929472091
11.453508603690874,-2.274269646937304,0.06449117929472091
11.487254643204189,-2.2720903028355965,0.06449117929472091
11.521000682717503,-2.269910958733889,0.06449117929472091
11.554746722230817,-2.2677316146321815,0.06449117929472091
11.588492761744131,-2.265552270530474,0.06449117929472091
11.622238801257446,-2.2633729264287665,0.06449117929472091
11.65598484077076,-2.261193582327059,0.06449117929472091
11.689730880284074,-2.2590142382253515,0.06449117929472091
11.723476919797388,-2.256834894123644,0.06449117929472091
11.757222959310702,-2.2546555500219365,0.06449117929472091
11.790968998824017,-2.252476205920229,0.06449117929472091
11.824715038337331,-2.2502968618185215,0.06449117929472091
11.858461077850643,-2.248117517716814,0.06449117929472091
11.892207117363958,-2.245938173615106,0.06449117929472091
11.925953156877272,-2.2437588295133986,0.06449117929472091
11.959699196390586,-2.241579485411691,0.06449117929472091
11.9934452359039,-2.2394001413099835,0.06449117929472091
12.027191275417215,-2.237220797208276,0.06449117929472091
12.060937314930529,-2.2350414531065685,0.06449117929472091
12.094683354443843,-2.232862109004861,0.06449117929472091
12.128429393957157,-2.2306827649031535,0.06449117929472091
12.162175433470471,-2.228503420801446,0.06449117929472091
12.195921472983786,-2.2263240766997385,0.06449117929472091
12.2296675124971,-2.224144732598031,0.06449117929472091
12.263413552010414,-2.2219653884963235,0.06449117929472091
12.297159591523727,-2.219786044394616,0.06449117929472091
12.33090563103704,-2.2176067002929085,0.06449117929472091
12.364651670550355,-2.2154273561912006,0.06449117929472091
12.39839771006367,-2.213248012089493,0.06449117929472091
12.432143749576984,-2.2110686679877856,0.06449117929472091
12.465889789090298,-2.208889323886078,0.06449117929472091
12.499635828603612,-2.2067099797843706,0.06449117929472091
12.533381868116926,-2.204530635682663,0.06449117929472091
12.56712790763024,-2.2023512915809556,0.06449117929472091
12.600873947143555,-2.200171947479248,0.06449117929472091
12.606151316425589,-2.1697553124758278,1.3990038051335367
12.61142868570762,-2.1393386774724075,1.3990038051335367
12.616706054989654,-2.1089220424689867,1.3990038051335367
12.621983424271688,-2.0785054074655664,1.3990038051335367
12.62726079355372,-2.048088772462146,1.3990038051335367
12.632538162835754,-2.017672137458726,1.3990038051335367
12.637815532117788,-1.9872555024553054,1.3990038051335367
12.64309290139982,-1.9568388674518848,1.3990038051335367
12.648370270681854,-1.9264222324484646,1.3990038051335367
12.653647639963886,-1.8960055974450443,1.3990038051335367
12.65892500924592,-1.8655889624416238,1.3990038051335367
12.664202378527953,-1.8351723274382035,1.3990038051335367
12.669479747809985,-1.804755692434783,1.3990038051335367
12.67475711709202,-1.7743390574313627,1.3990038051335367
12.680034486374053,-1.7439224224279424,1.3990038051335367
12.685311855656085,-1.7135057874245219,1.3990038051335367
12.690589224938119,-1.6830891524211014,1.3990038051335367
12.695866594220153,-1.652672517417681,1.3990038051335367
12.701143963502185,-1.6222558824142608,1.3990038051335367
12.706421332784219,-1.5918392474108403,1.3990038051335367
12.711698702066252,-1.56142261240742,1.3990038051335367
12.716976071348284,-1.5310059774039995,1.3990038051335367
12.722253440630318,-1.5005893424005792,1.3990038051335367
12.72753080991235,-1.4701727073971589,1.3990038051335367
12.732808179194384,-1.4397560723937384,1.3990038051335367
12.738085548476418,-1.4093394373903179,1.3990038051335367
12.74336291775845,-1.3789228023868976,1.3990038051335367
12.748640287040484,-1.3485061673834773,1.3990038051335367
12.753917656322518,-1.318089532380057,1.3990038051335367
12.75919502560455,-1.2876728973766365,1.3990038051335367
12.764472394886583,-1.257256262373216,1.3990038051335367
12.769749764168617,-1.2268396273697957,1.3990038051335367
12.77502713345065,-1.1964229923663752,1.3990038051335367
12.780304502732683,-1.1660063573629549,1.3990038051335367
12.785581872014717,-1.1355897223595346,1.3990038051335367
12.790859241296749,-1.1051730873561143,1.3990038051335367
12.796136610578783,-1.0747564523526938,1.3990038051335367
12.801413979860815,-1.0443398173492733,1.3990038051335367
12.806691349142849,-1.013923182345853,1.3990038051335367
12.811968718424882,-0.9835065473424325,1.3990038051335367
12.817246087706915,-0.9530899123390122,1.3990038051335367
12.822523456988948,-0.9226732773355919,1.3990038051335367
12.827800826270982,-0.8922566423321714,1.3990038051335367
12.833078195553014,-0.8618400073287511,1.3990038051335367
12.838355564835048,-0.8314233723253306,1.3990038051335367
12.843632934117082,-0.8010067373219103,1.3990038051335367
12.848910303399114,-0.7705901023184898,1.3990038051335367
12.854187672681148,-0.7401734673150695,1.3990038051335367
12.859465041963182,-0.7097568323116492,1.3990038051335367
12.864742411245214,-0.6793401973082287,1.3990038051335367
12.870019780527247,-0.6489235623048084,1.3990038051335367
12.87529714980928,-0.6185069273013879,1.3990038051335367
12.880574519091313,-0.5880902922979676,1.3990038051335367
12.885851888373347,-0.5576736572945471,1.3990038051335367
12.891129257655379,-0.5272570222911266,1.3990038051335367
12.896406626937413,-0.4968403872877063,1.3990038051335367
12.901683996219447,-0.46642375228428623,1.3990038051335367
12.906961365501479,-0.4360071172808657,1.3990038051335367
12.912238734783513,-0.40559048227744543,1.3990038051335367
12.917516104065546,-0.3751738472740249,1.3990038051335367
12.922793473347578,-0.34475721227060463,1.3990038051335367
12.928070842629612,-0.3143405772671841,1.3990038051335367
12.933348211911646,-0.28392394226376383,1.3990038051335367
12.938625581193678,-0.2535073072603433,1.3990038051335367
12.943902950475712,-0.2230906722569228,1.3990038051335367
12.949180319757744,-0.1926740372535023,1.3990038051335367
12.954457689039778,-0.162257402250082,1.3990038051335367
12.959735058321812,-0.13184076724666172,1.3990038051335367
12.965012427603844,-0.10142413224324143,1.3990038051335367
12.970289796885877,-0.07100749723982114,1.3990038051335367
12.975567166167911,-0.04059086223640085,1.3990038051335367
12.980844535449943,-0.01017422723298056,1.3990038051335367
12.986121904731977,0.020242407770440174,1.3990038051335367
12.991399274014011,0.05065904277386046,1.3990038051335367
12.996676643296043,0.08107567777728075,1.3990038051335367
13.001954012578077,0.11149231278070149,1.3990038051335367
13.00723138186011,0.14190894778412178,1.3990038051335367
13.012508751142143,0.17232558278754206,1.3990038051335367
13.017786120424176,0.20274221779096235,1.3990038051335367
13.02306348970621,0.2331588527943831,1.3990038051335367
13.028340858988242,0.2635754877978034,1.3990038051335367
13.033618228270276,0.29399212280122367,1.3990038051335367
13.038895597552308,0.32440875780464395,1.3990038051335367
13.044172966834342,0.35482539280806424,1.3990038051335367
13.049450336116376,0.38524202781148453,1.3990038051335367
13.054727705398408,0.41565866281490527,1.3990038051335367
13.060005074680442,0.44607529781832556,1.3990038051335367
13.065282443962476,0.47649193282174584,1.3990038051335367
13.070559813244508,0.5069085678251661,1.3990038051335367
13.075837182526541,0.5373252028285869,1.3990038051335367
13.081114551808575,0.5677418378320072,1.3990038051335367
13.086391921090607,0.5981584728354274,1.3990038051335367
13.091669290372641,0.6285751078388482,1.3990038051335367
13.096946659654673,0.6589917428422685,1.3990038051335367
13.102224028936707,0.6894083778456883,1.3990038051335367
13.10750139821874,0.719825012849109,1.3990038051335367
13.112778767500773,0.7502416478525293,1.3990038051335367
13.118056136782807,0.7806582828559496,1.3990038051335367
13.12333350606484,0.8110749178593699,1.3990038051335367
13.128610875346872,0.8414915528627906,1.3990038051335367
13.133888244628906,0.8719081878662109,1.3990038051335367
13.1114291011697,0.8861973828608447,2.5749581109312962
13.088969957710493,0.9004865778554785,2.5749581109312962
13.066510814251286,0.9147757728501121,2.5749581109312962
13.04405167079208,0.9290649678447459,2.5749581109312962
13.021592527332873,0.9433541628393797,2.5749581109312962
12.999133383873666,0.9576433578340133,2.5749581109312962
12.976674240414459,0.9719325528286471,2.5749581109312962
12.954215096955252,0.9862217478232809,2.5749581109312962
12.931755953496046,1.0005109428179146,2.5749581109312962
12.909296810036839,1.0148001378125484,2.5749581109312962
12.886837666577632,1.0290893328071822,2.5749581109312962
12.864378523118425,1.0433785278018157,2.5749581109312962
12.841919379659219,1.0576677227964495,2.5749581109312962
12.819460236200012,1.0719569177910833,2.5749581109312962
12.797001092740805,1.086246112785717,2.5749581109312962
12.774541949281598,1.1005353077803508,2.5749581109312962
12.752082805822392,1.1148245027749846,2.5749581109312962
12.729623662363185,1.1291136977696183,2.5749581109312962
12.707164518903978,1.1434028927642519,2.5749581109312962
12.684705375444771,1.1576920877588859,2.5749581109312962
12.662246231985565,1.1719812827535194,2.5749581109312962
12.639787088526358,1.1862704777481532,2.5749581109312962
12.617327945067151,1.200559672742787,2.5749581109312962
12.594868801607944,1.2148488677374207,2.5749581109312962
12.572409658148738,1.2291380627320545,2.5749581109312962
12.549950514689531,1.2434272577266883,2.5749581109312962
12.527491371230324,1.257716452721322,2.5749581109312962
12.505032227771117,1.2720056477159556,2.5749581109312962
12.48257308431191,1.2862948427105894,2.5749581109312962
12.460113940852704,1.3005840377052231,2.5749581109312962
12.437654797393497,1.314873232699857,2.5749581109312962
12.41519565393429,1.3291624276944907,2.5749581109312962
12.392736510475084,1.3434516226891244,2.5749581109312962
12.370277367015877,1.3577408176837582,2.5749581109312962
12.34781822355667,1.3720300126783918,2.5749581109312962
12.325359080097464,1.3863192076730257,2.5749581109312962
12.302899936638257,1.4006084026676593,2.5749581109312962
12.28044079317905,1.414897597662293,2.5749581109312962
12.257981649719843,1.4291867926569268,2.5749581109312962
12.235522506260637,1.4434759876515606,2.5749581109312962
12.21306336280143,1.4577651826461944,2.5749581109312962
12.190604219342223,1.472054377640828,2.5749581109312962
12.168145075883016,1.486343572635462,2.5749581109312962
12.14568593242381,1.5006327676300955,2.5749581109312962
12.123226788964601,1.5149219626247294,2.5749581109312962
12.100767645505396,1.529211157619363,2.5749581109312962
12.078308502046188,1.5435003526139968,2.5749581109312962
12.055849358586983,1.5577895476086305,2.5749581109312962
12.033390215127774,1.572078742603264,2.5749581109312962
12.010931071668569,1.586367937597898,2.5749581109312962
11.98847192820936,1.6006571325925316,2.5749581109312962
11.966012784750156,1.6149463275871656,2.5749581109312962
11.943553641290947,1.6292355225817992,2.5749581109312962
11.92109449783174,1.643524717576433,2.5749581109312962
11.898635354372534,1.6578139125710667,2.5749581109312962
11.876176210913327,1.6721031075657005,2.5749581109312962
11.85371706745412,1.6863923025603342,2.5749581109312962
11.831257923994915,1.7006814975549678,2.5749581109312962
11.808798780535707,1.7149706925496015,2.5749581109312962
11.786339637076502,1.7292598875442353,2.5749581109312962
11.763880493617293,1.743549082538869,2.5749581109312962
11.741421350158086,1.7578382775335029,2.5749581109312962
11.71896220669888,1.7721274725281366,2.5749581109312962
11.696503063239673,1.7864166675227704,2.5749581109312962
11.674043919780466,1.800705862517404,2.5749581109312962
11.65158477632126,1.814995057512038,2.5749581109312962
11.629125632862053,1.8292842525066715,2.5749581109312962
11.606666489402846,1.8435734475013055,2.5749581109312962
11.58420734594364,1.857862642495939,2.5749581109312962
11.561748202484432,1.8721518374905728,2.5749581109312962
11.539289059025226,1.8864410324852066,2.5749581109312962
11.516829915566019,1.9007302274798403,2.5749581109312962
11.494370772106812,1.9150194224744739,2.5749581109312962
11.471911628647605,1.9293086174691076,2.5749581109312962
11.449452485188399,1.9435978124637414,2.5749581109312962
11.426993341729192,1.9578870074583752,2.5749581109312962
11.404534198269985,1.972176202453009,2.5749581109312962
11.382075054810779,1.9864653974476427,2.5749581109312962
11.359615911351572,2.0007545924422763,2.5749581109312962
11.337156767892365,2.0150437874369103,2.5749581109312962
11.314697624433158,2.0293329824315443,2.5749581109312962
11.292238480973952,2.043622177426178,2.5749581109312962
11.269779337514745,2.0579113724208113,2.5749581109312962
11.247320194055538,2.072200567415445,2.5749581109312962
11.224861050596331,2.086489762410079,2.5749581109312962
11.202401907137125,2.100778957404713,2.5749581109312962
11.179942763677918,2.1150681523993464,2.5749581109312962
11.157483620218711,2.12935734739398,2.5749581109312962
11.135024476759504,2.143646542388614,2.5749581109312962
11.112565333300298,2.157935737383248,2.5749581109312962
11.09010618984109,2.1722249323778815,2.5749581109312962
11.067647046381884,2.186514127372515,2.5749581109312962
11.045187902922677,2.2008033223671486,2.5749581109312962
11.02272875946347,2.2150925173617826,2.5749581109312962
11.000269616004264,2.229381712356416,2.5749581109312962
10.977810472545057,2.24367090735105,2.5749581109312962
10.95535132908585,2.2579601023456837,2.5749581109312962
10.932892185626644,2.272249297340317,2.5749581109312962
10.910433042167437,2.286538492334951,2.5749581109312962
10.88797389870823,2.300827687329585,2.5749581109312962
10.865514755249023,2.3151168823242188,2.5749581109312962
10.82330354841629,2.3239700227680773,2.9348548931700194
10.781092341583554,2.332823163211936,2.9348548931700194
10.73888113475082,2.3416763036557944,2.9348548931700194
10.696669927918085,2.350529444099653,2.9348548931700194
10.65445872108535,2.3593825845435115,2.9348548931700194
10.612247514252616,2.36823572498737,2.9348548931700194
10.570036307419882,2.3770888654312285,2.9348548931700194
10.527825100587146,2.385942005875087,2.9348548931700194
10.485613893754412,2.3947951463189456,2.9348548931700194
10.443402686921678,2.403648286762804,2.9348548931700194
10.401191480088942,2.4125014272066627,2.9348548931700194
10.358980273256208,2.4213545676505213,2.9348548931700194
10.316769066423472,2.43020770809438,2.9348548931700194
10.274557859590738,2.4390608485382383,2.9348548931700194
10.232346652758004,2.447913988982097,2.9348548931700194
10.190135445925268,2.4567671294259554,2.9348548931700194
10.147924239092534,2.465620269869814,2.9348548931700194
10.1057130322598,2.4744734103136725,2.9348548931700194
10.063501825427064,2.483326550757531,2.9348548931700194
10.02129061859433,2.4921796912013896,2.9348548931700194
9.979079411761596,2.501032831645248,2.9348548931700194
9.93686820492886,2.5098859720891067,2.9348548931700194
9.894656998096126,2.5187391125329652,2.9348548931700194
9.852445791263392,2.5275922529768238,2.9348548931700194
9.810234584430656,2.5364453934206823,2.9348548931700194
9.768023377597922,2.545298533864541,2.9348548931700194
9.725812170765188,2.5541516743083994,2.9348548931700194
9.683600963932452,2.563004814752258,2.9348548931700194
9.641389757099718,2.571857955196116,2.9348548931700194
9.599178550266984,2.5807110956399746,2.9348548931700194
9.556967343434248,2.589564236083833,2.9348548931700194
9.514756136601514,2.5984173765276917,2.9348548931700194
9.47254492976878,2.60727051697155,2.9348548931700194
9.430333722936044,2.6161236574154088,2.9348548931700194
9.38812251610331,2.6249767978592673,2.9348548931700194
9.345911309270576,2.633829938303126,2.9348548931700194
9.30370010243784,2.6426830787469844,2.9348548931700194
9.261488895605106,2.651536219190843,2.9348548931700194
9.219277688772372,2.6603893596347015,2.9348548931700194
9.177066481939637,2.66924250007856,2.9348548931700194
9.134855275106903,2.6780956405224186,2.9348548931700194
9.092644068274168,2.686948780966277,2.9348548931700194
9.050432861441433,2.6958019214101356,2.9348548931700194
9.008221654608699,2.704655061853994,2.9348548931700194
8.966010447775963,2.7135082022978527,2.9348548931700194
8.923799240943229,2.7223613427417113,2.9348548931700194
8.881588034110495,2.73121448318557,2.9348548931700194
8.83937682727776,2.7400676236294284,2.9348548931700194
8.797165620445025,2.748920764073287,2.9348548931700194
8.75495441361229,2.7577739045171454,2.9348548931700194
8.712743206779555,2.766627044961004,2.9348548931700194
8.670531999946821,2.7754801854048625,2.9348548931700194
8.628320793114085,2.784333325848721,2.9348548931700194
8.586109586281351,2.7931864662925796,2.9348548931700194
8.543898379448617,2.802039606736438,2.9348548931700194
8.501687172615881,2.8108927471802967,2.9348548931700194
8.459475965783149,2.8197458876241552,2.9348548931700194
8.417264758950413,2.8285990280680138,2.9348548931700194
8.375053552117679,2.8374521685118723,2.9348548931700194
8.332842345284943,2.846305308955731,2.9348548931700194
8.29063113845221,2.8551584493995894,2.9348548931700194
8.248419931619473,2.864011589843448,2.9348548931700194
8.20620872478674,2.8728647302873065,2.9348548931700194
8.163997517954005,2.881717870731165,2.9348548931700194
8.12178631112127,2.8905710111750236,2.9348548931700194
8.079575104288535,2.899424151618882,2.9348548931700194
8.037363897455801,2.9082772920627407,2.9348548931700194
7.995152690623065,2.917130432506599,2.9348548931700194
7.952941483790331,2.9259835729504577,2.9348548931700194
7.910730276957597,2.934836713394316,2.9348548931700194
7.868519070124862,2.9436898538381744,2.9348548931700194
7.8263078632921275,2.952542994282033,2.9348548931700194
7.784096656459393,2.9613961347258915,2.9348548931700194
7.7418854496266585,2.97024927516975,2.9348548931700194
7.6996742427939235,2.9791024156136086,2.9348548931700194
7.6574630359611895,2.987955556057467,2.9348548931700194
7.615251829128454,2.9968086965013256,2.9348548931700194
7.57304062229572,3.005661836945184,2.9348548931700194
7.530829415462985,3.0145149773890427,2.9348548931700194
7.48861820863025,3.0233681178329013,2.9348548931700194
7.446407001797516,3.03222125827676,2.9348548931700194
7.404195794964781,3.0410743987206184,2.9348548931700194
7.361984588132046,3.049927539164477,2.9348548931700194
7.319773381299312,3.0587806796083354,2.9348548931700194
7.277562174466577,3.067633820052194,2.9348548931700194
7.235350967633842,3.0764869604960525,2.9348548931700194
7.193139760801108,3.085340100939911,2.9348548931700194
7.150928553968373,3.0941932413837696,2.9348548931700194
7.108717347135638,3.103046381827628,2.9348548931700194
7.066506140302904,3.1118995222714867,2.9348548931700194
7.024294933470169,3.1207526627153452,2.9348548931700194
6.982083726637434,3.129605803159204,2.9348548931700194
6.9398725198047,3.1384589436030623,2.9348548931700194
6.897661312971964,3.147312084046921,2.9348548931700194
6.85545010613923,3.1561652244907794,2.9348548931700194
6.813238899306496,3.165018364934638,2.9348548931700194
6.771027692473761,3.1738715053784965,2.9348548931700194
6.728816485641026,3.182724645822355,2.9348548931700194
6.686605278808291,3.1915777862662136,2.9348548931700194
6.644394071975557,3.200430926710072,2.9348548931700194
6.602182865142822,3.2092840671539307,2.9348548931700194
