x,y,heading
6.6783552169799805,3.2514116764068604,0.0
6.658438682556152,3.25159482672663,3.132397019777916
6.638522148132324,3.2517779770464,3.132397019777916
6.618605613708496,3.2519611273661697,3.132397019777916
6.598689079284668,3.2521442776859395,3.132397019777916
6.57877254486084,3.2523274280057093,3.132397019777916
6.558856010437012,3.2525105783254795,3.132397019777916
6.538939476013184,3.2526937286452493,3.132397019777916
6.5190229415893555,3.252876878965019,3.132397019777916
6.499106407165527,3.253060029284789,3.132397019777916
6.479189872741699,3.2532431796045587,3.132397019777916
6.459273338317871,3.2534263299243285,3.132397019777916
6.439356803894043,3.2536094802440982,3.132397019777916
6.419440269470215,3.253792630563868,3.132397019777916
6.399523735046387,3.253975780883638,3.132397019777916
6.379607200622559,3.2541589312034076,3.132397019777916
6.3596906661987305,3.254342081523178,3.132397019777916
6.339774131774902,3.2545252318429476,3.132397019777916
6.319857597351074,3.2547083821627174,3.132397019777916
6.299941062927246,3.254891532482487,3.132397019777916
6.280024528503418,3.255074682802257,3.132397019777916
6.26010799407959,3.2552578331220268,3.132397019777916
6.240191459655762,3.2554409834417966,3.132397019777916
6.220274925231934,3.2556241337615663,3.132397019777916
6.2003583908081055,3.255807284081336,3.132397019777916
6.180441856384277,3.255990434401106,3.132397019777916
6.160525321960449,3.256173584720876,3.132397019777916
6.140608787536621,3.256356735040646,3.132397019777916
6.120692253112793,3.2565398853604157,3.132397019777916
6.100775718688965,3.2567230356801855,3.132397019777916
6.080859184265137,3.2569061859999553,3.132397019777916
6.060942649841309,3.257089336319725,3.132397019777916
6.0410261154174805,3.257272486639495,3.132397019777916
6.021109580993652,3.2574556369592647,3.132397019777916
6.001193046569824,3.2576387872790344,3.132397019777916
5.981276512145996,3.2578219375988042,3.132397019777916
5.961359977722168,3.2580050879185745,3.132397019777916
5.94144344329834,3.2581882382383442,3.132397019777916
5.921526908874512,3.258371388558114,3.132397019777916
5.901610374450684,3.258554538877884,3.132397019777916
5.8816938400268555,3.2587376891976536,3.132397019777916
5.861777305603027,3.2589208395174234,3.132397019777916
5.841860771179199,3.259103989837193,3.132397019777916
5.821944236755371,3.259287140156963,3.132397019777916
5.802027702331543,3.2594702904767328,3.132397019777916
5.782111167907715,3.2596534407965025,3.132397019777916
5.762194633483887,3.2598365911162728,3.132397019777916
5.742278099060059,3.2600197414360426,3.132397019777916
5.7223615646362305,3.2602028917558123,3.132397019777916
5.702445030212402,3.260386042075582,3.132397019777916
5.682528495788574,3.260569192395352,3.132397019777916
5.662611961364746,3.2607523427151217,3.132397019777916
5.642695426940918,3.2609354930348915,3.132397019777916
5.62277889251709,3.2611186433546613,3.132397019777916
5.602862358093262,3.261301793674431,3.132397019777916
5.582945823669434,3.261484943994201,3.132397019777916
5.5630292892456055,3.261668094313971,3.132397019777916
5.543112754821777,3.261851244633741,3.132397019777916
5.523196220397949,3.2620343949535107,3.132397019777916
5.503279685974121,3.2622175452732805,3.132397019777916
5.483363151550293,3.2624006955930502,3.132397019777916
5.463446617126465,3.26258384591282,3.132397019777916
5.443530082702637,3.26276699623259,3.132397019777916
5.423613548278809,3.2629501465523596,3.132397019777916
5.4036970138549805,3.2631332968721294,3.132397019777916
5.383780479431152,3.263316447191899,3.132397019777916
5.363863945007324,3.2634995975116694,3.132397019777916
5.343947410583496,3.263682747831439,3.132397019777916
5.324030876159668,3.263865898151209,3.132397019777916
5.30411434173584,3.2640490484709788,3.132397019777916
5.284197807312012,3.2642321987907486,3.132397019777916
5.264281272888184,3.2644153491105183,3.132397019777916
5.2443647384643555,3.264598499430288,3.132397019777916
5.224448204040527,3.264781649750058,3.132397019777916
5.204531669616699,3.2649648000698277,3.132397019777916
5.184615135192871,3.2651479503895975,3.132397019777916
5.164698600769043,3.2653311007093677,3.132397019777916
5.144782066345215,3.2655142510291375,3.132397019777916
5.124865531921387,3.2656974013489073,3.132397019777916
5.104948997497559,3.265880551668677,3.132397019777916
5.0850324630737305,3.266063701988447,3.132397019777916
5.065115928649902,3.2662468523082167,3.132397019777916
5.045199394226074,3.2664300026279864,3.132397019777916
5.025282859802246,3.2666131529477562,3.132397019777916
5.005366325378418,3.266796303267526,3.132397019777916
4.98544979095459,3.266979453587296,3.132397019777916
4.965533256530762,3.267162603907066,3.132397019777916
4.945616722106934,3.267345754226836,3.132397019777916
4.9257001876831055,3.2675289045466056,3.132397019777916
4.905783653259277,3.2677120548663754,3.132397019777916
4.885867118835449,3.267895205186145,3.132397019777916
4.865950584411621,3.268078355505915,3.132397019777916
4.846034049987793,3.2682615058256848,3.132397019777916
4.826117515563965,3.2684446561454545,3.132397019777916
4.806200981140137,3.2686278064652243,3.132397019777916
4.786284446716309,3.268810956784994,3.132397019777916
4.7663679122924805,3.2689941071047643,3.132397019777916
4.746451377868652,3.269177257424534,3.132397019777916
4.726534843444824,3.269360407744304,3.132397019777916
4.706618309020996,3.2695435580640737,3.132397019777916
4.686701774597168,3.2697267083838435,3.132397019777916
4.66678524017334,3.2699098587036133,3.132397019777916
4.640932963626219,3.271772618340974,3.0696629741612895
4.615080687079099,3.2736353779783345,3.0696629741612895
4.5892284105319785,3.2754981376156946,3.0696629741612895
4.563376133984859,3.2773608972530552,3.0696629741612895
4.537523857437738,3.279223656890416,3.0696629741612895
4.511671580890618,3.2810864165277764,3.0696629741612895
4.485819304343497,3.282949176165137,3.0696629741612895
4.459967027796377,3.2848119358024976,3.0696629741612895
4.434114751249257,3.286674695439858,3.0696629741612895
4.408262474702136,3.2885374550772184,3.0696629741612895
4.382410198155016,3.290400214714579,3.0696629741612895
4.356557921607895,3.2922629743519396,3.0696629741612895
4.3307056450607755,3.2941257339893,3.0696629741612895
4.304853368513655,3.295988493626661,3.0696629741612895
4.279001091966535,3.297851253264021,3.0696629741612895
4.253148815419414,3.2997140129013816,3.0696629741612895
4.227296538872294,3.301576772538742,3.0696629741612895
4.2014442623251735,3.3034395321761028,3.0696629741612895
4.175591985778053,3.3053022918134634,3.0696629741612895
4.149739709230933,3.307165051450824,3.0696629741612895
4.123887432683812,3.309027811088184,3.0696629741612895
4.098035156136692,3.3108905707255447,3.0696629741612895
4.072182879589572,3.3127533303629053,3.0696629741612895
4.046330603042452,3.314616090000266,3.0696629741612895
4.020478326495331,3.3164788496376265,3.0696629741612895
3.9946260499482107,3.318341609274987,3.0696629741612895
3.9687737734010904,3.3202043689123473,3.0696629741612895
3.94292149685397,3.322067128549708,3.0696629741612895
3.91706922030685,3.3239298881870685,3.0696629741612895
3.8912169437597295,3.325792647824429,3.0696629741612895
3.865364667212609,3.3276554074617897,3.0696629741612895
3.8395123906654884,3.3295181670991503,3.0696629741612895
3.813660114118368,3.3313809267365104,3.0696629741612895
3.787807837571248,3.333243686373871,3.0696629741612895
3.7619555610241275,3.3351064460112316,3.0696629741612895
3.7361032844770072,3.3369692056485922,3.0696629741612895
3.710251007929887,3.338831965285953,3.0696629741612895
3.6843987313827666,3.3406947249233134,3.0696629741612895
3.658546454835646,3.3425574845606736,3.0696629741612895
3.632694178288526,3.344420244198034,3.0696629741612895
3.6068419017414053,3.346283003835395,3.0696629741612895
3.5809896251942854,3.3481457634727554,3.0696629741612895
3.5551373486471647,3.350008523110116,3.0696629741612895
3.5292850721000444,3.3518712827474766,3.0696629741612895
3.503432795552924,3.3537340423848367,3.0696629741612895
3.477580519005804,3.3555968020221973,3.0696629741612895
3.4517282424586835,3.357459561659558,3.0696629741612895
3.425875965911563,3.3593223212969185,3.0696629741612895
3.400023689364443,3.361185080934279,3.0696629741612895
3.374171412817322,3.3630478405716397,3.0696629741612895
3.3483191362702023,3.364910600209,3.0696629741612895
3.3224668597230815,3.3667733598463605,3.0696629741612895
3.2966145831759612,3.368636119483721,3.0696629741612895
3.270762306628841,3.3704988791210817,3.0696629741612895
3.2449100300817206,3.3723616387584423,3.0696629741612895
3.2190577535346003,3.374224398395803,3.0696629741612895
3.19320547698748,3.376087158033163,3.0696629741612895
3.1673532004403597,3.3779499176705237,3.0696629741612895
3.1415009238932394,3.3798126773078843,3.0696629741612895
3.115648647346119,3.381675436945245,3.0696629741612895
3.0897963707989984,3.3835381965826055,3.0696629741612895
3.0639440942518785,3.385400956219966,3.0696629741612895
3.038091817704758,3.387263715857326,3.0696629741612895
3.0122395411576375,3.389126475494687,3.0696629741612895
2.986387264610517,3.3909892351320474,3.0696629741612895
2.9605349880633964,3.392851994769408,3.0696629741612895
2.9346827115162766,3.3947147544067686,3.0696629741612895
2.908830434969156,3.396577514044129,3.0696629741612895
2.8829781584220355,3.3984402736814894,3.0696629741612895
2.8571258818749152,3.40030303331885,3.0696629741612895
2.8312736053277954,3.4021657929562106,3.0696629741612895
2.8054213287806746,3.404028552593571,3.0696629741612895
2.7795690522335543,3.4058913122309318,3.0696629741612895
2.753716775686434,3.4077540718682924,3.0696629741612895
2.7278644991393137,3.4096168315056525,3.0696629741612895
2.7020122225921934,3.411479591143013,3.0696629741612895
2.6761599460450727,3.4133423507803737,3.0696629741612895
2.6503076694979524,3.4152051104177343,3.0696629741612895
2.624455392950832,3.417067870055095,3.0696629741612895
2.5986031164037118,3.4189306296924555,3.0696629741612895
2.5727508398565915,3.4207933893298157,3.0696629741612895
2.546898563309471,3.4226561489671763,3.0696629741612895
2.521046286762351,3.424518908604537,3.0696629741612895
2.4951940102152306,3.4263816682418975,3.0696629741612895
2.4693417336681103,3.428244427879258,3.0696629741612895
2.44348945712099,3.4301071875166187,3.0696629741612895
2.4176371805738697,3.431969947153979,3.0696629741612895
2.391784904026749,3.4338327067913395,3.0696629741612895
2.3659326274796286,3.4356954664287,3.0696629741612895
2.3400803509325083,3.4375582260660607,3.0696629741612895
2.314228074385388,3.4394209857034213,3.0696629741612895
2.2883757978382677,3.4412837453407814,3.0696629741612895
2.2625235212911474,3.443146504978142,3.0696629741612895
2.2366712447440267,3.4450092646155026,3.0696629741612895
2.210818968196907,3.446872024252863,3.0696629741612895
2.1849666916497865,3.448734783890224,3.0696629741612895
2.159114415102666,3.4505975435275844,3.0696629741612895
2.1332621385555455,3.452460303164945,3.0696629741612895
2.107409862008425,3.454323062802305,3.0696629741612895
2.081557585461305,3.4561858224396658,3.0696629741612895
2.0557053089141846,3.4580485820770264,3.0696629741612895
2.014885940174065,3.461495796052536,3.0573421143259014
1.9740665714339454,3.464943010028046,3.0573421143259014
1.9332472026938259,3.4683902240035556,3.0573421143259014
1.8924278339537064,3.4718374379790657,3.0573421143259014
1.8516084652135867,3.4752846519545755,3.0573421143259014
1.8107890964734672,3.478731865930085,3.0573421143259014
1.7699697277333477,3.482179079905595,3.0573421143259014
1.7291503589932282,3.4856262938811047,3.0573421143259014
1.6883309902531085,3.4890735078566144,3.0573421143259014
1.647511621512989,3.492520721832124,3.0573421143259014
1.6066922527728695,3.4959679358076343,3.0573421143259014
1.5658728840327498,3.499415149783144,3.0573421143259014
1.5250535152926303,3.502862363758654,3.0573421143259014
1.4842341465525108,3.5063095777341635,3.0573421143259014
1.4434147778123911,3.5097567917096733,3.0573421143259014
1.4025954090722716,3.513204005685183,3.0573421143259014
1.3617760403321522,3.5166512196606927,3.0573421143259014
1.3209566715920324,3.5200984336362025,3.0573421143259014
1.280137302851913,3.5235456476117126,3.0573421143259014
1.2393179341117935,3.5269928615872224,3.0573421143259014
1.1984985653716738,3.530440075562732,3.0573421143259014
1.1576791966315545,3.533887289538242,3.0573421143259014
1.1168598278914348,3.5373345035137516,3.0573421143259014
1.0760404591513153,3.5407817174892613,3.0573421143259014
1.0352210904111956,3.544228931464771,3.0573421143259014
0.9944017216710761,3.547676145440281,3.0573421143259014
0.9535823529309564,3.551123359415791,3.0573421143259014
0.9127629841908369,3.5545705733913007,3.0573421143259014
0.8719436154507176,3.5580177873668104,3.0573421143259014
0.8311242467105979,3.56146500134232,3.0573421143259014
0.7903048779704784,3.56491221531783,3.0573421143259014
0.7494855092303587,3.5683594292933396,3.0573421143259014
0.7086661404902392,3.57180664326885,3.0573421143259014
0.6678467717501195,3.5752538572443595,3.0573421143259014
0.6270274030100003,3.5787010712198692,3.0573421143259014
0.5862080342698806,3.582148285195379,3.0573421143259014
0.5453886655297611,3.5855954991708887,3.0573421143259014
0.5045692967896414,3.5890427131463984,3.0573421143259014
0.46374992804952186,3.592489927121908,3.0573421143259014
0.42293055930940215,3.5959371410974184,3.0573421143259014
0.38211119056928267,3.599384355072928,3.0573421143259014
0.3412918218291632,3.602831569048438,3.0573421143259014
0.3004724530890437,3.6062787830239476,3.0573421143259014
0.2596530843489242,3.6097259969994573,3.0573421143259014
0.2188337156088045,3.613173210974967,3.0573421143259014
0.178014346868685,3.6166204249504768,3.0573421143259014
0.1371949781285653,3.620067638925987,3.0573421143259014
0.09637560938844603,3.6235148529014967,3.0573421143259014
0.055556240648326316,3.6269620668770064,3.0573421143259014
0.014736871908206606,3.630409280852516,3.0573421143259014
-0.02608249683191266,3.633856494828026,3.0573421143259014
-0.06690186557203237,3.6373037088035356,3.0573421143259014
-0.10772123431215208,3.6407509227790453,3.0573421143259014
-0.1485406030522718,3.6441981367545555,3.0573421143259014
-0.18935997179239106,3.6476453507300652,3.0573421143259014
-0.23017934053251077,3.651092564705575,3.0573421143259014
-0.27099870927263003,3.6545397786810847,3.0573421143259014
-0.3118180780127493,3.6579869926565944,3.0573421143259014
-0.352637446752869,3.661434206632104,3.0573421143259014
-0.3934568154929887,3.664881420607614,3.0573421143259014
-0.43427618423310843,3.6683286345831236,3.0573421143259014
-0.4750955529732277,3.671775848558634,3.0573421143259014
-0.5159149217133474,3.6752230625341435,3.0573421143259014
-0.5567342904534671,3.6786702765096533,3.0573421143259014
-0.5975536591935868,3.682117490485163,3.0573421143259014
-0.6383730279337061,3.6855647044606727,3.0573421143259014
-0.6791923966738258,3.6890119184361825,3.0573421143259014
-0.7200117654139455,3.692459132411692,3.0573421143259014
-0.7608311341540652,3.6959063463872024,3.0573421143259014
-0.801650502894184,3.699353560362712,3.0573421143259014
-0.8424698716343038,3.702800774338222,3.0573421143259014
-0.8832892403744235,3.7062479883137316,3.0573421143259014
-0.9241086091145427,3.7096952022892413,3.0573421143259014
-0.9649279778546624,3.713142416264751,3.0573421143259014
-1.0057473465947822,3.716589630240261,3.0573421143259014
-1.0465667153349019,3.7200368442157705,3.0573421143259014
-1.0873860840750211,3.7234840581912807,3.0573421143259014
-1.1282054528151408,3.7269312721667904,3.0573421143259014
-1.1690248215552606,3.7303784861423,3.0573421143259014
-1.2098441902953803,3.73382570011781,3.0573421143259014
-1.2506635590354995,3.7372729140933196,3.0573421143259014
-1.2914829277756192,3.7407201280688294,3.0573421143259014
-1.3323022965157385,3.7441673420443395,3.0573421143259014
-1.3731216652558582,3.7476145560198493,3.0573421143259014
-1.4139410339959775,3.751061769995359,3.0573421143259014
-1.4547604027360972,3.7545089839708687,3.0573421143259014
-1.495579771476217,3.7579561979463785,3.0573421143259014
-1.5363991402163362,3.761403411921888,3.0573421143259014
-1.5772185089564559,3.764850625897398,3.0573421143259014
-1.6180378776965756,3.7682978398729077,3.0573421143259014
-1.6588572464366953,3.771745053848418,3.0573421143259014
-1.6996766151768146,3.7751922678239276,3.0573421143259014
-1.7404959839169343,3.7786394817994373,3.0573421143259014
-1.781315352657054,3.782086695774947,3.0573421143259014
-1.8221347213971733,3.785533909750457,3.0573421143259014
-1.8629540901372925,3.7889811237259665,3.0573421143259014
-1.9037734588774122,3.7924283377014762,3.0573421143259014
-1.944592827617532,3.7958755516769864,3.0573421143259014
-1.9854121963576512,3.799322765652496,3.0573421143259014
-2.0262315650977714,3.802769979628006,3.0573421143259014
-2.0670509338378906,3.8062171936035156,3.0573421143259014
-2.1303060078384854,3.811474115541666,3.058676473031636
-2.19356108183908,3.816731037479816,3.058676473031636
-2.2568161558396747,3.8219879594179664,3.058676473031636
-2.320071229840269,3.8272448813561164,3.058676473031636
-2.383326303840864,3.832501803294267,3.058676473031636
-2.4465813778414587,3.8377587252324172,3.058676473031636
-2.509836451842053,3.843015647170567,3.058676473031636
-2.573091525842648,3.8482725691087176,3.058676473031636
-2.6363465998432423,3.8535294910468676,3.058676473031636
-2.699601673843837,3.858786412985018,3.058676473031636
-2.762856747844432,3.8640433349231684,3.058676473031636
-2.8261118218450263,3.8693002568613184,3.058676473031636
-2.889366895845621,3.874557178799469,3.058676473031636
-2.9526219698462155,3.879814100737619,3.058676473031636
-3.0158770438468103,3.885071022675769,3.058676473031636
-3.079132117847405,3.8903279446139196,3.058676473031636
-3.1423871918479995,3.8955848665520696,3.058676473031636
-3.205642265848594,3.90084178849022,3.058676473031636
-3.2688973398491887,3.90609871042837,3.058676473031636
-3.3321524138497836,3.9113556323665204,3.058676473031636
-3.395407487850378,3.9166125543046704,3.058676473031636
-3.4586625618509728,3.921869476242821,3.058676473031636
-3.521917635851567,3.927126398180971,3.058676473031636
-3.585172709852162,3.932383320119121,3.058676473031636
-3.648427783852757,3.9376402420572716,3.058676473031636
-3.7116828578533516,3.9428971639954216,3.058676473031636
-3.774937931853946,3.948154085933572,3.058676473031636
-3.8381930058545404,3.9534110078717224,3.058676473031636
-3.901448079855135,3.9586679298098724,3.058676473031636
-3.96470315385573,3.963924851748023,3.058676473031636
-4.027958227856324,3.9691817736861728,3.058676473031636
-4.09121330185692,3.974438695624323,3.058676473031636
-4.154468375857514,3.9796956175624736,3.058676473031636
-4.217723449858108,3.9849525395006236,3.058676473031636
-4.280978523858703,3.990209461438774,3.058676473031636
-4.344233597859297,3.995466383376924,3.058676473031636
-4.407488671859893,4.000723305315074,3.058676473031636
-4.470743745860487,4.005980227253224,3.058676473031636
-4.533998819861082,4.011237149191375,3.058676473031636
-4.5972538938616765,4.016494071129525,3.058676473031636
-4.66050896786227,4.021750993067675,3.058676473031636
-4.723764041862865,4.027007915005825,3.058676473031636
-4.78701911586346,4.032264836943976,3.058676473031636
-4.850274189864055,4.037521758882126,3.058676473031636
-4.91352926386465,4.042778680820276,3.058676473031636
-4.976784337865244,4.048035602758427,3.058676473031636
-5.040039411865839,4.053292524696577,3.058676473031636
-5.103294485866433,4.058549446634727,3.058676473031636
-5.166549559867027,4.063806368572878,3.058676473031636
-5.229804633867623,4.0690632905110276,3.058676473031636
-5.293059707868217,4.0743202124491775,3.058676473031636
-5.356314781868813,4.0795771343873275,3.058676473031636
-5.4195698558694065,4.084834056325478,3.058676473031636
-5.482824929870001,4.090090978263628,3.058676473031636
-5.546080003870596,4.095347900201778,3.058676473031636
-5.60933507787119,4.100604822139929,3.058676473031636
-5.672590151871785,4.105861744078079,3.058676473031636
-5.73584522587238,4.111118666016229,3.058676473031636
-5.799100299872974,4.11637558795438,3.058676473031636
-5.862355373873569,4.12163250989253,3.058676473031636
-5.925610447874163,4.12688943183068,3.058676473031636
-5.988865521874758,4.13214635376883,3.058676473031636
-6.052120595875353,4.137403275706981,3.058676473031636
-6.115375669875948,4.142660197645131,3.058676473031636
-6.178630743876543,4.147917119583281,3.058676473031636
-6.241885817877137,4.1531740415214315,3.058676473031636
-6.305140891877731,4.1584309634595815,3.058676473031636
-6.368395965878326,4.1636878853977315,3.058676473031636
-6.431651039878921,4.1689448073358815,3.058676473031636
-6.494906113879515,4.174201729274032,3.058676473031636
-6.55816118788011,4.179458651212182,3.058676473031636
-6.621416261880705,4.184715573150332,3.058676473031636
-6.6846713358812995,4.189972495088483,3.058676473031636
-6.747926409881894,4.195229417026633,3.058676473031636
-6.811181483882488,4.200486338964783,3.058676473031636
-6.874436557883083,4.205743260902934,3.058676473031636
-6.937691631883678,4.211000182841084,3.058676473031636
-7.000946705884273,4.216257104779234,3.058676473031636
-7.0642017798848675,4.221514026717385,3.058676473031636
-7.127456853885462,4.226770948655535,3.058676473031636
-7.190711927886056,4.232027870593685,3.058676473031636
-7.253967001886651,4.237284792531835,3.058676473031636
-7.317222075887245,4.2425417144699855,3.058676473031636
-7.38047714988784,4.2477986364081355,3.058676473031636
-7.443732223888435,4.2530555583462855,3.058676473031636
-7.5069872978890295,4.258312480284436,3.058676473031636
-7.570242371889624,4.263569402222586,3.058676473031636
-7.633497445890219,4.268826324160736,3.058676473031636
-7.696752519890814,4.274083246098886,3.058676473031636
-7.760007593891408,4.279340168037037,3.058676473031636
-7.823262667892003,4.284597089975187,3.058676473031636
-7.886517741892598,4.289854011913337,3.058676473031636
-7.949772815893192,4.295110933851488,3.058676473031636
-8.013027889893788,4.300367855789638,3.058676473031636
-8.076282963894382,4.305624777727788,3.058676473031636
-8.139538037894976,4.310881699665938,3.058676473031636
-8.20279311189557,4.316138621604089,3.058676473031636
-8.266048185896164,4.321395543542239,3.058676473031636
-8.32930325989676,4.326652465480389,3.058676473031636
-8.392558333897355,4.3319093874185395,3.058676473031636
-8.45581340789795,4.3371663093566895,3.058676473031636
-8.493024344491486,4.3329447307208975,-3.028625719873717
-8.530235281085023,4.328723152085106,-3.028625719873717
-8.567446217678562,4.324501573449314,-3.028625719873717
-8.604657154272099,4.320279994813522,-3.028625719873717
-8.641868090865636,4.3160584161777305,-3.028625719873717
-8.679079027459172,4.311836837541939,-3.028625719873717
-8.71628996405271,4.307615258906147,-3.028625719873717
-8.753500900646248,4.303393680270355,-3.028625719873717
-8.790711837239785,4.299172101634563,-3.028625719873717
-8.827922773833322,4.294950522998772,-3.028625719873717
-8.865133710426859,4.29072894436298,-3.028625719873717
-8.902344647020396,4.286507365727188,-3.028625719873717
-8.939555583613934,4.282285787091396,-3.028625719873717
-8.976766520207471,4.278064208455605,-3.028625719873717
-9.013977456801008,4.273842629819813,-3.028625719873717
-9.051188393394545,4.269621051184021,-3.028625719873717
-9.088399329988084,4.26539947254823,-3.028625719873717
-9.12561026658162,4.261177893912438,-3.028625719873717
-9.162821203175158,4.256956315276646,-3.028625719873717
-9.200032139768695,4.252734736640854,-3.028625719873717
-9.237243076362232,4.248513158005063,-3.028625719873717
-9.27445401295577,4.244291579369271,-3.028625719873717
-9.311664949549307,4.240070000733479,-3.028625719873717
-9.348875886142844,4.235848422097687,-3.028625719873717
-9.386086822736381,4.231626843461896,-3.028625719873717
-9.423297759329918,4.227405264826104,-3.028625719873717
-9.460508695923457,4.223183686190312,-3.028625719873717
-9.497719632516993,4.21896210755452,-3.028625719873717
-9.53493056911053,4.214740528918729,-3.028625719873717
-9.572141505704067,4.210518950282937,-3.028625719873717
-9.609352442297604,4.206297371647145,-3.028625719873717
-9.646563378891143,4.202075793011354,-3.028625719873717
-9.68377431548468,4.197854214375562,-3.028625719873717
-9.720985252078217,4.19363263573977,-3.028625719873717
-9.758196188671754,4.189411057103978,-3.028625719873717
-9.795407125265292,4.185189478468187,-3.028625719873717
-9.83261806185883,4.180967899832395,-3.028625719873717
-9.869828998452366,4.176746321196603,-3.028625719873717
-9.907039935045903,4.172524742560811,-3.028625719873717
-9.94425087163944,4.16830316392502,-3.028625719873717
-9.981461808232979,4.164081585289228,-3.028625719873717
-10.018672744826516,4.159860006653436,-3.028625719873717
-10.055883681420053,4.155638428017644,-3.028625719873717
-10.09309461801359,4.151416849381853,-3.028625719873717
-10.130305554607126,4.147195270746061,-3.028625719873717
-10.167516491200665,4.142973692110269,-3.028625719873717
-10.204727427794202,4.138752113474478,-3.028625719873717
-10.241938364387739,4.134530534838686,-3.028625719873717
-10.279149300981276,4.130308956202894,-3.028625719873717
-10.316360237574813,4.126087377567102,-3.028625719873717
-10.353571174168351,4.121865798931311,-3.028625719873717
-10.390782110761888,4.117644220295519,-3.028625719873717
-10.427993047355425,4.113422641659727,-3.028625719873717
-10.465203983948962,4.109201063023935,-3.028625719873717
-10.502414920542499,4.104979484388144,-3.028625719873717
-10.539625857136038,4.100757905752352,-3.028625719873717
-10.576836793729575,4.09653632711656,-3.028625719873717
-10.614047730323112,4.092314748480769,-3.028625719873717
-10.651258666916648,4.088093169844977,-3.028625719873717
-10.688469603510185,4.083871591209185,-3.028625719873717
-10.725680540103724,4.079650012573393,-3.028625719873717
-10.762891476697261,4.075428433937602,-3.028625719873717
-10.800102413290798,4.07120685530181,-3.028625719873717
-10.837313349884335,4.066985276666018,-3.028625719873717
-10.874524286477872,4.062763698030226,-3.028625719873717
-10.91173522307141,4.058542119394435,-3.028625719873717
-10.948946159664947,4.054320540758643,-3.028625719873717
-10.986157096258484,4.050098962122851,-3.028625719873717
-11.023368032852023,4.045877383487059,-3.028625719873717
-11.060578969445558,4.041655804851268,-3.028625719873717
-11.097789906039097,4.037434226215476,-3.028625719873717
-11.135000842632634,4.033212647579684,-3.028625719873717
-11.17221177922617,4.028991068943892,-3.028625719873717
-11.209422715819708,4.024769490308101,-3.028625719873717
-11.246633652413244,4.020547911672309,-3.028625719873717
-11.283844589006783,4.016326333036517,-3.028625719873717
-11.32105552560032,4.012104754400726,-3.028625719873717
-11.358266462193857,4.007883175764934,-3.028625719873717
-11.395477398787396,4.003661597129142,-3.028625719873717
-11.432688335380933,3.9994400184933503,-3.028625719873717
-11.46989927197447,3.9952184398575583,-3.028625719873717
-11.507110208568006,3.990996861221767,-3.028625719873717
-11.544321145161543,3.986775282585975,-3.028625719873717
-11.581532081755082,3.9825537039501833,-3.028625719873717
-11.618743018348617,3.9783321253143917,-3.028625719873717
-11.655953954942156,3.9741105466785998,-3.028625719873717
-11.693164891535693,3.9698889680428078,-3.028625719873717
-11.73037582812923,3.9656673894070162,-3.028625719873717
-11.767586764722768,3.9614458107712247,-3.028625719873717
-11.804797701316305,3.9572242321354327,-3.028625719873717
-11.842008637909842,3.953002653499641,-3.028625719873717
-11.879219574503379,3.948781074863849,-3.028625719873717
-11.916430511096916,3.9445594962280577,-3.028625719873717
-11.953641447690455,3.9403379175922657,-3.028625719873717
-11.990852384283992,3.936116338956474,-3.028625719873717
-12.028063320877528,3.931894760320682,-3.028625719873717
-12.065274257471065,3.9276731816848907,-3.028625719873717
-12.102485194064602,3.9234516030490987,-3.028625719873717
-12.139696130658141,3.919230024413307,-3.028625719873717
-12.176907067251678,3.9150084457775156,-3.028625719873717
-12.214118003845215,3.9107868671417236,-3.028625719873717
-12.22446352892583,3.892500374576833,-2.085648794705957
-12.234809054006444,3.8742138820119423,-2.085648794705957
-12.245154579087059,3.855927389447052,-2.085648794705957
-12.255500104167673,3.837640896882161,-2.085648794705957
-12.265845629248288,3.8193544043172705,-2.085648794705957
-12.276191154328904,3.8010679117523796,-2.085648794705957
-12.286536679409519,3.782781419187489,-2.085648794705957
-12.296882204490133,3.7644949266225987,-2.085648794705957
-12.307227729570748,3.7462084340577078,-2.085648794705957
-12.317573254651363,3.7279219414928173,-2.085648794705957
-12.327918779731977,3.7096354489279264,-2.085648794705957
-12.338264304812592,3.691348956363036,-2.085648794705957
-12.348609829893206,3.673062463798145,-2.085648794705957
-12.358955354973821,3.6547759712332546,-2.085648794705957
-12.369300880054436,3.636489478668364,-2.085648794705957
-12.37964640513505,3.6182029861034732,-2.085648794705957
-12.389991930215666,3.599916493538583,-2.085648794705957
-12.400337455296281,3.581630000973692,-2.085648794705957
-12.410682980376896,3.5633435084088014,-2.085648794705957
-12.42102850545751,3.545057015843911,-2.085648794705957
-12.431374030538125,3.52677052327902,-2.085648794705957
-12.44171955561874,3.5084840307141296,-2.085648794705957
-12.452065080699354,3.4901975381492387,-2.085648794705957
-12.462410605779969,3.4719110455843483,-2.085648794705957
-12.472756130860583,3.4536245530194574,-2.085648794705957
-12.483101655941198,3.435338060454567,-2.085648794705957
-12.493447181021812,3.4170515678896765,-2.085648794705957
-12.503792706102427,3.3987650753247856,-2.085648794705957
-12.514138231183043,3.380478582759895,-2.085648794705957
-12.524483756263658,3.362192090195004,-2.085648794705957
-12.534829281344273,3.3439055976301137,-2.085648794705957
-12.545174806424887,3.325619105065223,-2.085648794705957
-12.555520331505502,3.3073326125003324,-2.085648794705957
-12.565865856586116,3.289046119935442,-2.085648794705957
-12.576211381666731,3.270759627370551,-2.085648794705957
-12.586556906747346,3.2524731348056606,-2.085648794705957
-12.59690243182796,3.2341866422407697,-2.085648794705957
-12.607247956908575,3.2159001496758792,-2.085648794705957
-12.61759348198919,3.1976136571109883,-2.085648794705957
-12.627939007069806,3.179327164546098,-2.085648794705957
-12.63828453215042,3.1610406719812074,-2.085648794705957
-12.648630057231035,3.1427541794163165,-2.085648794705957
-12.65897558231165,3.124467686851426,-2.085648794705957
-12.669321107392264,3.106181194286535,-2.085648794705957
-12.679666632472879,3.0878947017216447,-2.085648794705957
-12.690012157553493,3.069608209156754,-2.085648794705957
-12.700357682634108,3.0513217165918634,-2.085648794705957
-12.710703207714722,3.033035224026973,-2.085648794705957
-12.721048732795337,3.014748731462082,-2.085648794705957
-12.731394257875952,2.9964622388971915,-2.085648794705957
-12.741739782956568,2.9781757463323006,-2.085648794705957
-12.752085308037183,2.95988925376741,-2.085648794705957
-12.762430833117797,2.9416027612025193,-2.085648794705957
-12.772776358198412,2.923316268637629,-2.085648794705957
-12.783121883279026,2.9050297760727384,-2.085648794705957
-12.793467408359641,2.8867432835078475,-2.085648794705957
-12.803812933440256,2.868456790942957,-2.085648794705957
-12.81415845852087,2.8501702983780666,-2.085648794705957
-12.824503983601485,2.8318838058131757,-2.085648794705957
-12.8348495086821,2.8135973132482848,-2.085648794705957
-12.845195033762714,2.7953108206833943,-2.085648794705957
-12.85554055884333,2.777024328118504,-2.085648794705957
-12.865886083923945,2.758737835553613,-2.085648794705957
-12.87623160900456,2.740451342988722,-2.085648794705957
-12.886577134085174,2.722164850423832,-2.085648794705957
-12.896922659165789,2.703878357858941,-2.085648794705957
-12.907268184246403,2.6855918652940503,-2.085648794705957
-12.917613709327018,2.66730537272916,-2.085648794705957
-12.927959234407632,2.6490188801642693,-2.085648794705957
-12.938304759488247,2.6307323875993784,-2.085648794705957
-12.948650284568862,2.612445895034488,-2.085648794705957
-12.958995809649476,2.5941594024695975,-2.085648794705957
-12.969341334730093,2.5758729099047066,-2.085648794705957
-12.979686859810707,2.5575864173398157,-2.085648794705957
-12.990032384891322,2.5392999247749253,-2.085648794705957
-13.000377909971936,2.521013432210035,-2.085648794705957
-13.010723435052551,2.502726939645144,-2.085648794705957
-13.021068960133166,2.484440447080253,-2.085648794705957
-13.03141448521378,2.4661539545153626,-2.085648794705957
-13.041760010294395,2.447867461950472,-2.085648794705957
-13.05210553537501,2.429580969385581,-2.085648794705957
-13.062451060455624,2.4112944768206908,-2.085648794705957
-13.072796585536238,2.3930079842558003,-2.085648794705957
-13.083142110616853,2.3747214916909094,-2.085648794705957
-13.09348763569747,2.356434999126019,-2.085648794705957
-13.103833160778084,2.3381485065611285,-2.085648794705957
-13.114178685858699,2.3198620139962376,-2.085648794705957
-13.124524210939313,2.3015755214313467,-2.085648794705957
-13.134869736019928,2.2832890288664562,-2.085648794705957
-13.145215261100542,2.265002536301566,-2.085648794705957
-13.155560786181157,2.246716043736675,-2.085648794705957
-13.165906311261772,2.228429551171784,-2.085648794705957
-13.176251836342386,2.2101430586068935,-2.085648794705957
-13.186597361423,2.191856566042003,-2.085648794705957
-13.196942886503615,2.1735700734771126,-2.085648794705957
-13.20728841158423,2.155283580912222,-2.085648794705957
-13.217633936664846,2.1369970883473313,-2.085648794705957
-13.227979461745461,2.1187105957824404,-2.085648794705957
-13.238324986826076,2.10042410321755,-2.085648794705957
-13.24867051190669,2.0821376106526595,-2.085648794705957
-13.259016036987305,2.0638511180877686,-2.085648794705957
-13.253934841344853,2.0427553134389442,-1.3344356487924858
-13.2488536457024,2.02165950879012,-1.3344356487924858
-13.243772450059947,2.0005637041412956,-1.3344356487924858
-13.238691254417494,1.9794678994924715,-1.3344356487924858
-13.233610058775042,1.9583720948436472,-1.3344356487924858
-13.22852886313259,1.937276290194823,-1.3344356487924858
-13.223447667490138,1.9161804855459987,-1.3344356487924858
-13.218366471847686,1.8950846808971744,-1.3344356487924858
-13.213285276205232,1.8739888762483503,-1.3344356487924858
-13.20820408056278,1.852893071599526,-1.3344356487924858
-13.203122884920328,1.8317972669507017,-1.3344356487924858
-13.198041689277876,1.8107014623018776,-1.3344356487924858
-13.192960493635423,1.7896056576530532,-1.3344356487924858
-13.187879297992971,1.768509853004229,-1.3344356487924858
-13.182798102350517,1.7474140483554046,-1.3344356487924858
-13.177716906708065,1.7263182437065805,-1.3344356487924858
-13.172635711065613,1.7052224390577562,-1.3344356487924858
-13.167554515423161,1.684126634408932,-1.3344356487924858
-13.162473319780709,1.6630308297601077,-1.3344356487924858
-13.157392124138257,1.6419350251112834,-1.3344356487924858
-13.152310928495803,1.620839220462459,-1.3344356487924858
-13.14722973285335,1.5997434158136348,-1.3344356487924858
-13.142148537210899,1.5786476111648107,-1.3344356487924858
-13.137067341568446,1.5575518065159863,-1.3344356487924858
-13.131986145925994,1.5364560018671622,-1.3344356487924858
-13.126904950283542,1.515360197218338,-1.3344356487924858
-13.121823754641088,1.4942643925695136,-1.3344356487924858
-13.116742558998636,1.4731685879206893,-1.3344356487924858
-13.111661363356184,1.4520727832718652,-1.3344356487924858
-13.106580167713732,1.4309769786230409,-1.3344356487924858
-13.10149897207128,1.4098811739742168,-1.3344356487924858
-13.096417776428828,1.3887853693253924,-1.3344356487924858
-13.091336580786374,1.367689564676568,-1.3344356487924858
-13.086255385143922,1.3465937600277438,-1.3344356487924858
-13.08117418950147,1.3254979553789195,-1.3344356487924858
-13.076092993859017,1.3044021507300954,-1.3344356487924858
-13.071011798216565,1.283306346081271,-1.3344356487924858
-13.065930602574113,1.262210541432447,-1.3344356487924858
-13.06084940693166,1.2411147367836226,-1.3344356487924858
-13.055768211289207,1.2200189321347983,-1.3344356487924858
-13.050687015646755,1.198923127485974,-1.3344356487924858
-13.045605820004303,1.1778273228371496,-1.3344356487924858
-13.04052462436185,1.1567315181883255,-1.3344356487924858
-13.035443428719399,1.1356357135395012,-1.3344356487924858
-13.030362233076945,1.1145399088906771,-1.3344356487924858
-13.025281037434493,1.0934441042418528,-1.3344356487924858
-13.02019984179204,1.0723482995930285,-1.3344356487924858
-13.015118646149588,1.0512524949442041,-1.3344356487924858
-13.010037450507136,1.03015669029538,-1.3344356487924858
-13.004956254864684,1.0090608856465557,-1.3344356487924858
-12.99987505922223,0.9879650809977314,-1.3344356487924858
-12.994793863579778,0.9668692763489071,-1.3344356487924858
-12.989712667937326,0.945773471700083,-1.3344356487924858
-12.984631472294874,0.9246776670512586,-1.3344356487924858
-12.979550276652422,0.9035818624024343,-1.3344356487924858
-12.97446908100997,0.88248605775361,-1.3344356487924858
-12.969387885367516,0.8613902531047859,-1.3344356487924858
-12.964306689725063,0.8402944484559618,-1.3344356487924858
-12.959225494082611,0.8191986438071375,-1.3344356487924858
-12.95414429844016,0.7981028391583131,-1.3344356487924858
-12.949063102797707,0.7770070345094888,-1.3344356487924858
-12.943981907155255,0.7559112298606647,-1.3344356487924858
-12.938900711512801,0.7348154252118404,-1.3344356487924858
-12.933819515870349,0.7137196205630161,-1.3344356487924858
-12.928738320227897,0.6926238159141918,-1.3344356487924858
-12.923657124585445,0.6715280112653674,-1.3344356487924858
-12.918575928942992,0.6504322066165433,-1.3344356487924858
-12.91349473330054,0.629336401967719,-1.3344356487924858
-12.908413537658086,0.6082405973188947,-1.3344356487924858
-12.903332342015634,0.5871447926700706,-1.3344356487924858
-12.898251146373182,0.5660489880212463,-1.3344356487924858
-12.89316995073073,0.5449531833724222,-1.3344356487924858
-12.888088755088278,0.5238573787235978,-1.3344356487924858
-12.883007559445826,0.5027615740747735,-1.3344356487924858
-12.877926363803372,0.4816657694259492,-1.3344356487924858
-12.87284516816092,0.4605699647771251,-1.3344356487924858
-12.867763972518468,0.43947416012830076,-1.3344356487924858
-12.862682776876015,0.41837835547947644,-1.3344356487924858
-12.857601581233563,0.3972825508306521,-1.3344356487924858
-12.852520385591111,0.3761867461818278,-1.3344356487924858
-12.847439189948657,0.3550909415330037,-1.3344356487924858
-12.842357994306205,0.33399513688417937,-1.3344356487924858
-12.837276798663753,0.31289933223535527,-1.3344356487924858
-12.832195603021301,0.29180352758653094,-1.3344356487924858
-12.827114407378849,0.27070772293770684,-1.3344356487924858
-12.822033211736397,0.24961191828888252,-1.3344356487924858
-12.816952016093943,0.2285161136400582,-1.3344356487924858
-12.81187082045149,0.20742030899123387,-1.3344356487924858
-12.806789624809038,0.18632450434240955,-1.3344356487924858
-12.801708429166586,0.16522869969358545,-1.3344356487924858
-12.796627233524134,0.14413289504476112,-1.3344356487924858
-12.79154603788168,0.1230370903959368,-1.3344356487924858
-12.786464842239228,0.10194128574711248,-1.3344356487924858
-12.781383646596776,0.08084548109828815,-1.3344356487924858
-12.776302450954324,0.05974967644946405,-1.3344356487924858
-12.771221255311872,0.03865387180063973,-1.3344356487924858
-12.76614005966942,0.017558067151815848,-1.3344356487924858
-12.761058864026968,-0.003537737497008475,-1.3344356487924858
-12.755977668384514,-0.0246335421458328,-1.3344356487924858
-12.750896472742062,-0.04572934679465712,-1.3344356487924858
-12.74581527709961,-0.06682515144348145,-1.3344356487924858
-12.719762377219626,-0.07241338786512318,-0.21129414369766905
-12.69370947733964,-0.07800162428676492,-0.21129414369766905
-12.667656577459656,-0.08358986070840665,-0.21129414369766905
-12.641603677579672,-0.0891780971300484,-0.21129414369766905
-12.615550777699688,-0.09476633355169013,-0.21129414369766905
-12.589497877819703,-0.10035456997333186,-0.21129414369766905
-12.563444977939719,-0.10594280639497361,-0.21129414369766905
-12.537392078059735,-0.11153104281661534,-0.21129414369766905
-12.51133917817975,-0.11711927923825707,-0.21129414369766905
-12.485286278299766,-0.12270751565989882,-0.21129414369766905
-12.459233378419782,-0.12829575208154054,-0.21129414369766905
-12.433180478539798,-0.13388398850318228,-0.21129414369766905
-12.407127578659813,-0.13947222492482403,-0.21129414369766905
-12.381074678779829,-0.14506046134646577,-0.21129414369766905
-12.355021778899845,-0.1506486977681075,-0.21129414369766905
-12.32896887901986,-0.15623693418974924,-0.21129414369766905
-12.302915979139875,-0.16182517061139098,-0.21129414369766905
-12.276863079259892,-0.1674134070330327,-0.21129414369766905
-12.250810179379908,-0.17300164345467445,-0.21129414369766905
-12.224757279499922,-0.1785898798763162,-0.21129414369766905
-12.198704379619938,-0.1841781162979579,-0.21129414369766905
-12.172651479739955,-0.18976635271959966,-0.21129414369766905
-12.146598579859969,-0.1953545891412414,-0.21129414369766905
-12.120545679979985,-0.20094282556288312,-0.21129414369766905
-12.094492780100001,-0.20653106198452487,-0.21129414369766905
-12.068439880220016,-0.2121192984061666,-0.21129414369766905
-12.042386980340032,-0.21770753482780836,-0.21129414369766905
-12.016334080460048,-0.2232957712494501,-0.21129414369766905
-11.990281180580064,-0.2288840076710918,-0.21129414369766905
-11.964228280700079,-0.23447224409273354,-0.21129414369766905
-11.938175380820095,-0.24006048051437529,-0.21129414369766905
-11.912122480940111,-0.24564871693601703,-0.21129414369766905
-11.886069581060127,-0.2512369533576588,-0.21129414369766905
-11.860016681180142,-0.2568251897793005,-0.21129414369766905
-11.833963781300158,-0.2624134262009422,-0.21129414369766905
-11.807910881420174,-0.26800166262258396,-0.21129414369766905
-11.781857981540188,-0.2735898990442257,-0.21129414369766905
-11.755805081660204,-0.27917813546586745,-0.21129414369766905
-11.72975218178022,-0.2847663718875092,-0.21129414369766905
-11.703699281900235,-0.29035460830915094,-0.21129414369766905
-11.677646382020251,-0.2959428447307927,-0.21129414369766905
-11.651593482140267,-0.3015310811524344,-0.21129414369766905
-11.625540582260284,-0.3071193175740761,-0.21129414369766905
-11.599487682380298,-0.31270755399571787,-0.21129414369766905
-11.573434782500314,-0.3182957904173596,-0.21129414369766905
-11.54738188262033,-0.32388402683900136,-0.21129414369766905
-11.521328982740346,-0.3294722632606431,-0.21129414369766905
-11.49527608286036,-0.3350604996822848,-0.21129414369766905
-11.469223182980377,-0.34064873610392654,-0.21129414369766905
-11.443170283100393,-0.3462369725255683,-0.21129414369766905
-11.417117383220408,-0.35182520894721003,-0.21129414369766905
-11.391064483340424,-0.3574134453688518,-0.21129414369766905
-11.36501158346044,-0.3630016817904935,-0.21129414369766905
-11.338958683580454,-0.36858991821213527,-0.21129414369766905
-11.31290578370047,-0.374178154633777,-0.21129414369766905
-11.286852883820487,-0.37976639105541876,-0.21129414369766905
-11.260799983940503,-0.3853546274770604,-0.21129414369766905
-11.234747084060517,-0.39094286389870214,-0.21129414369766905
-11.208694184180533,-0.3965311003203439,-0.21129414369766905
-11.18264128430055,-0.40211933674198563,-0.21129414369766905
-11.156588384420566,-0.4077075731636274,-0.21129414369766905
-11.13053548454058,-0.4132958095852691,-0.21129414369766905
-11.104482584660596,-0.41888404600691087,-0.21129414369766905
-11.078429684780613,-0.4244722824285526,-0.21129414369766905
-11.052376784900627,-0.43006051885019436,-0.21129414369766905
-11.026323885020643,-0.4356487552718361,-0.21129414369766905
-11.00027098514066,-0.44123699169347785,-0.21129414369766905
-10.974218085260674,-0.4468252281151196,-0.21129414369766905
-10.94816518538069,-0.45241346453676134,-0.21129414369766905
-10.922112285500706,-0.458001700958403,-0.21129414369766905
-10.896059385620722,-0.4635899373800447,-0.21129414369766905
-10.870006485740737,-0.46917817380168647,-0.21129414369766905
-10.843953585860753,-0.4747664102233282,-0.21129414369766905
-10.817900685980769,-0.48035464664496996,-0.21129414369766905
-10.791847786100785,-0.4859428830666117,-0.21129414369766905
-10.7657948862208,-0.49153111948825345,-0.21129414369766905
-10.739741986340816,-0.4971193559098952,-0.21129414369766905
-10.713689086460832,-0.502707592331537,-0.21129414369766905
-10.687636186580846,-0.5082958287531787,-0.21129414369766905
-10.661583286700862,-0.5138840651748204,-0.21129414369766905
-10.635530386820879,-0.5194723015964622,-0.21129414369766905
-10.609477486940893,-0.5250605380181039,-0.21129414369766905
-10.58342458706091,-0.5306487744397456,-0.21129414369766905
-10.557371687180925,-0.5362370108613873,-0.21129414369766905
-10.531318787300942,-0.541825247283029,-0.21129414369766905
-10.505265887420956,-0.5474134837046708,-0.21129414369766905
-10.479212987540972,-0.5530017201263125,-0.21129414369766905
-10.453160087660988,-0.5585899565479543,-0.21129414369766905
-10.427107187781004,-0.564178192969596,-0.21129414369766905
-10.401054287901019,-0.5697664293912378,-0.21129414369766905
-10.375001388021035,-0.5753546658128795,-0.21129414369766905
-10.348948488141051,-0.5809429022345213,-0.21129414369766905
-10.322895588261066,-0.586531138656163,-0.21129414369766905
-10.296842688381082,-0.5921193750778048,-0.21129414369766905
-10.270789788501098,-0.5977076114994464,-0.21129414369766905
-10.244736888621112,-0.6032958479210881,-0.21129414369766905
-10.218683988741128,-0.6088840843427299,-0.21129414369766905
-10.192631088861145,-0.6144723207643716,-0.21129414369766905
-10.166578188981159,-0.6200605571860134,-0.21129414369766905
-10.140525289101175,-0.6256487936076551,-0.21129414369766905
-10.114472389221191,-0.6312370300292969,-0.21129414369766905
-10.071322984034472,-0.6350249465149228,-0.08756159728149393
-10.028173578847753,-0.6388128630005487,-0.08756159728149393
-9.985024173661033,-0.6426007794861747,-0.08756159728149393
-9.941874768474314,-0.6463886959718006,-0.08756159728149393
-9.898725363287594,-0.6501766124574264,-0.08756159728149393
-9.855575958100877,-0.6539645289430523,-0.08756159728149393
-9.812426552914157,-0.6577524454286783,-0.08756159728149393
-9.769277147727438,-0.6615403619143042,-0.08756159728149393
-9.726127742540719,-0.6653282783999301,-0.08756159728149393
-9.682978337354,-0.6691161948855561,-0.08756159728149393
-9.63982893216728,-0.672904111371182,-0.08756159728149393
-9.59667952698056,-0.6766920278568079,-0.08756159728149393
-9.553530121793841,-0.6804799443424339,-0.08756159728149393
-9.510380716607122,-0.6842678608280597,-0.08756159728149393
-9.467231311420402,-0.6880557773136856,-0.08756159728149393
-9.424081906233683,-0.6918436937993115,-0.08756159728149393
-9.380932501046964,-0.6956316102849375,-0.08756159728149393
-9.337783095860246,-0.6994195267705634,-0.08756159728149393
-9.294633690673527,-0.7032074432561893,-0.08756159728149393
-9.251484285486807,-0.7069953597418153,-0.08756159728149393
-9.208334880300088,-0.7107832762274412,-0.08756159728149393
-9.165185475113368,-0.7145711927130671,-0.08756159728149393
-9.122036069926649,-0.718359109198693,-0.08756159728149393
-9.07888666473993,-0.7221470256843189,-0.08756159728149393
-9.03573725955321,-0.7259349421699448,-0.08756159728149393
-8.99258785436649,-0.7297228586555707,-0.08756159728149393
-8.949438449179771,-0.7335107751411967,-0.08756159728149393
-8.906289043993052,-0.7372986916268226,-0.08756159728149393
-8.863139638806334,-0.7410866081124485,-0.08756159728149393
-8.819990233619615,-0.7448745245980745,-0.08756159728149393
-8.776840828432896,-0.7486624410837004,-0.08756159728149393
-8.733691423246176,-0.7524503575693262,-0.08756159728149393
-8.690542018059457,-0.7562382740549523,-0.08756159728149393
-8.647392612872737,-0.7600261905405781,-0.08756159728149393
-8.604243207686018,-0.763814107026204,-0.08756159728149393
-8.561093802499299,-0.7676020235118299,-0.08756159728149393
-8.51794439731258,-0.7713899399974559,-0.08756159728149393
-8.47479499212586,-0.7751778564830818,-0.08756159728149393
-8.43164558693914,-0.7789657729687077,-0.08756159728149393
-8.388496181752423,-0.7827536894543337,-0.08756159728149393
-8.345346776565703,-0.7865416059399596,-0.08756159728149393
-8.302197371378984,-0.7903295224255854,-0.08756159728149393
-8.259047966192265,-0.7941174389112113,-0.08756159728149393
-8.215898561005545,-0.7979053553968373,-0.08756159728149393
-8.172749155818826,-0.8016932718824632,-0.08756159728149393
-8.129599750632106,-0.8054811883680891,-0.08756159728149393
-8.086450345445387,-0.8092691048537151,-0.08756159728149393
-8.043300940258668,-0.813057021339341,-0.08756159728149393
-8.00015153507195,-0.8168449378249669,-0.08756159728149393
-7.95700212988523,-0.8206328543105927,-0.08756159728149393
-7.91385272469851,-0.8244207707962188,-0.08756159728149393
-7.870703319511791,-0.8282086872818446,-0.08756159728149393
-7.8275539143250725,-0.8319966037674705,-0.08756159728149393
-7.784404509138353,-0.8357845202530965,-0.08756159728149393
-7.741255103951634,-0.8395724367387224,-0.08756159728149393
-7.698105698764914,-0.8433603532243483,-0.08756159728149393
-7.654956293578195,-0.8471482697099741,-0.08756159728149393
-7.611806888391476,-0.8509361861956002,-0.08756159728149393
-7.568657483204756,-0.854724102681226,-0.08756159728149393
-7.525508078018038,-0.8585120191668519,-0.08756159728149393
-7.482358672831318,-0.8622999356524779,-0.08756159728149393
-7.439209267644599,-0.8660878521381038,-0.08756159728149393
-7.3960598624578795,-0.8698757686237297,-0.08756159728149393
-7.352910457271161,-0.8736636851093557,-0.08756159728149393
-7.309761052084442,-0.8774516015949816,-0.08756159728149393
-7.266611646897722,-0.8812395180806075,-0.08756159728149393
-7.223462241711003,-0.8850274345662335,-0.08756159728149393
-7.180312836524283,-0.8888153510518593,-0.08756159728149393
-7.137163431337564,-0.8926032675374853,-0.08756159728149393
-7.094014026150845,-0.8963911840231111,-0.08756159728149393
-7.050864620964126,-0.9001791005087371,-0.08756159728149393
-7.007715215777407,-0.903967016994363,-0.08756159728149393
-6.964565810590687,-0.9077549334799889,-0.08756159728149393
-6.921416405403969,-0.9115428499656149,-0.08756159728149393
-6.8782670002172495,-0.9153307664512408,-0.08756159728149393
-6.83511759503053,-0.9191186829368667,-0.08756159728149393
-6.791968189843811,-0.9229065994224925,-0.08756159728149393
-6.748818784657091,-0.9266945159081186,-0.08756159728149393
-6.705669379470372,-0.9304824323937444,-0.08756159728149393
-6.6625199742836525,-0.9342703488793704,-0.08756159728149393
-6.619370569096933,-0.9380582653649963,-0.08756159728149393
-6.576221163910214,-0.9418461818506223,-0.08756159728149393
-6.533071758723495,-0.9456340983362481,-0.08756159728149393
-6.489922353536776,-0.9494220148218739,-0.08756159728149393
-6.446772948350057,-0.9532099313075,-0.08756159728149393
-6.403623543163338,-0.9569978477931258,-0.08756159728149393
-6.3604741379766185,-0.9607857642787518,-0.08756159728149393
-6.317324732789899,-0.9645736807643777,-0.08756159728149393
-6.27417532760318,-0.9683615972500037,-0.08756159728149393
-6.23102592241646,-0.9721495137356295,-0.08756159728149393
-6.187876517229741,-0.9759374302212555,-0.08756159728149393
-6.144727112043022,-0.9797253467068814,-0.08756159728149393
-6.101577706856302,-0.9835132631925073,-0.08756159728149393
-6.058428301669584,-0.9873011796781332,-0.08756159728149393
-6.015278896482864,-0.9910890961637591,-0.08756159728149393
-5.972129491296145,-0.9948770126493851,-0.08756159728149393
-5.9289800861094255,-0.9986649291350109,-0.08756159728149393
-5.885830680922707,-1.002452845620637,-0.08756159728149393
-5.842681275735988,-1.0062407621062628,-0.08756159728149393
-5.799531870549268,-1.0100286785918886,-0.08756159728149393
-5.756382465362549,-1.0138165950775146,-0.08756159728149393
-5.714687389902549,-1.0145813781436126,-0.018340231003850755
-5.67299231444255,-1.0153461612097108,-0.018340231003850755
-5.63129723898255,-1.0161109442758087,-0.018340231003850755
-5.58960216352255,-1.016875727341907,-0.018340231003850755
-5.5479070880625505,-1.0176405104080049,-0.018340231003850755
-5.5062120126025516,-1.018405293474103,-0.018340231003850755
-5.464516937142552,-1.019170076540201,-0.018340231003850755
-5.422821861682552,-1.0199348596062991,-0.018340231003850755
-5.381126786222552,-1.020699642672397,-0.018340231003850755
-5.339431710762553,-1.0214644257384953,-0.018340231003850755
-5.297736635302553,-1.0222292088045932,-0.018340231003850755
-5.256041559842553,-1.0229939918706912,-0.018340231003850755
-5.2143464843825535,-1.0237587749367894,-0.018340231003850755
-5.172651408922555,-1.0245235580028873,-0.018340231003850755
-5.130956333462555,-1.0252883410689855,-0.018340231003850755
-5.089261258002555,-1.0260531241350834,-0.018340231003850755
-5.047566182542555,-1.0268179072011816,-0.018340231003850755
-5.005871107082556,-1.0275826902672796,-0.018340231003850755
-4.964176031622556,-1.0283474733333777,-0.018340231003850755
-4.922480956162556,-1.0291122563994757,-0.018340231003850755
-4.8807858807025575,-1.0298770394655739,-0.018340231003850755
-4.839090805242558,-1.0306418225316718,-0.018340231003850755
-4.797395729782558,-1.0314066055977698,-0.018340231003850755
-4.755700654322558,-1.032171388663868,-0.018340231003850755
-4.714005578862558,-1.0329361717299659,-0.018340231003850755
-4.672310503402559,-1.033700954796064,-0.018340231003850755
-4.630615427942559,-1.034465737862162,-0.018340231003850755
-4.5889203524825595,-1.0352305209282602,-0.018340231003850755
-4.5472252770225605,-1.0359953039943581,-0.018340231003850755
-4.505530201562561,-1.0367600870604563,-0.018340231003850755
-4.463835126102561,-1.0375248701265543,-0.018340231003850755
-4.422140050642561,-1.0382896531926524,-0.018340231003850755
-4.380444975182561,-1.0390544362587504,-0.018340231003850755
-4.338749899722562,-1.0398192193248486,-0.018340231003850755
-4.297054824262562,-1.0405840023909465,-0.018340231003850755
-4.2553597488025625,-1.0413487854570445,-0.018340231003850755
-4.213664673342564,-1.0421135685231426,-0.018340231003850755
-4.171969597882564,-1.0428783515892406,-0.018340231003850755
-4.130274522422564,-1.0436431346553388,-0.018340231003850755
-4.088579446962564,-1.0444079177214367,-0.018340231003850755
-4.046884371502564,-1.0451727007875349,-0.018340231003850755
-4.005189296042565,-1.0459374838536328,-0.018340231003850755
-3.9634942205825654,-1.046702266919731,-0.018340231003850755
-3.9217991451225656,-1.047467049985829,-0.018340231003850755
-3.880104069662566,-1.048231833051927,-0.018340231003850755
-3.8384089942025668,-1.048996616118025,-0.018340231003850755
-3.796713918742567,-1.049761399184123,-0.018340231003850755
-3.7550188432825675,-1.0505261822502212,-0.018340231003850755
-3.7133237678225677,-1.0512909653163192,-0.018340231003850755
-3.6716286923625683,-1.0520557483824173,-0.018340231003850755
-3.6299336169025684,-1.0528205314485153,-0.018340231003850755
-3.588238541442569,-1.0535853145146135,-0.018340231003850755
-3.546543465982569,-1.0543500975807114,-0.018340231003850755
-3.50484839052257,-1.0551148806468096,-0.018340231003850755
-3.46315331506257,-1.0558796637129075,-0.018340231003850755
-3.42145823960257,-1.0566444467790057,-0.018340231003850755
-3.379763164142571,-1.0574092298451037,-0.018340231003850755
-3.3380680886825713,-1.0581740129112016,-0.018340231003850755
-3.296373013222572,-1.0589387959772998,-0.018340231003850755
-3.254677937762572,-1.0597035790433977,-0.018340231003850755
-3.2129828623025727,-1.060468362109496,-0.018340231003850755
-3.171287786842573,-1.0612331451755939,-0.018340231003850755
-3.129592711382573,-1.061997928241692,-0.018340231003850755
-3.0878976359225736,-1.06276271130779,-0.018340231003850755
-3.0462025604625738,-1.0635274943738882,-0.018340231003850755
-3.0045074850025744,-1.0642922774399861,-0.018340231003850755
-2.9628124095425745,-1.0650570605060843,-0.018340231003850755
-2.921117334082575,-1.0658218435721822,-0.018340231003850755
-2.8794222586225753,-1.0665866266382802,-0.018340231003850755
-2.8377271831625763,-1.0673514097043784,-0.018340231003850755
-2.7960321077025765,-1.0681161927704763,-0.018340231003850755
-2.7543370322425766,-1.0688809758365745,-0.018340231003850755
-2.7126419567825772,-1.0696457589026724,-0.018340231003850755
-2.6709468813225774,-1.0704105419687706,-0.018340231003850755
-2.629251805862578,-1.0711753250348686,-0.018340231003850755
-2.587556730402578,-1.0719401081009667,-0.018340231003850755
-2.5458616549425788,-1.0727048911670647,-0.018340231003850755
-2.504166579482579,-1.0734696742331629,-0.018340231003850755
-2.462471504022579,-1.0742344572992608,-0.018340231003850755
-2.4207764285625797,-1.0749992403653588,-0.018340231003850755
-2.37908135310258,-1.075764023431457,-0.018340231003850755
-2.3373862776425804,-1.076528806497555,-0.018340231003850755
-2.295691202182581,-1.077293589563653,-0.018340231003850755
-2.2539961267225816,-1.078058372629751,-0.018340231003850755
-2.212301051262582,-1.0788231556958492,-0.018340231003850755
-2.170605975802582,-1.0795879387619471,-0.018340231003850755
-2.1289109003425826,-1.0803527218280453,-0.018340231003850755
-2.0872158248825827,-1.0811175048941433,-0.018340231003850755
-2.0455207494225833,-1.0818822879602414,-0.018340231003850755
-2.0038256739625835,-1.0826470710263394,-0.018340231003850755
-1.962130598502584,-1.0834118540924373,-0.018340231003850755
-1.9204355230425842,-1.0841766371585355,-0.018340231003850755
-1.8787404475825844,-1.0849414202246335,-0.018340231003850755
-1.837045372122585,-1.0857062032907316,-0.018340231003850755
-1.7953502966625856,-1.0864709863568296,-0.018340231003850755
-1.7536552212025862,-1.0872357694229278,-0.018340231003850755
-1.7119601457425864,-1.0880005524890257,-0.018340231003850755
-1.6702650702825865,-1.088765335555124,-0.018340231003850755
-1.6285699948225876,-1.0895301186212218,-0.018340231003850755
-1.5868749193625877,-1.09029490168732,-0.018340231003850755
-1.545179843902588,-1.091059684753418,-0.018340231003850755
-1.5094690275664377,-1.094382116110018,-0.09277006130113596
-1.4737582112302874,-1.097704547466618,-0.09277006130113596
-1.4380473948941372,-1.101026978823218,-0.09277006130113596
-1.402336578557987,-1.1043494101798181,-0.09277006130113596
-1.3666257622218367,-1.107671841536418,-0.09277006130113596
-1.3309149458856866,-1.110994272893018,-0.09277006130113596
-1.2952041295495365,-1.114316704249618,-0.09277006130113596
-1.259493313213386,-1.117639135606218,-0.09277006130113596
-1.223782496877236,-1.1209615669628181,-0.09277006130113596
-1.1880716805410856,-1.1242839983194182,-0.09277006130113596
-1.1523608642049354,-1.1276064296760182,-0.09277006130113596
-1.1166500478687853,-1.1309288610326182,-0.09277006130113596
-1.0809392315326352,-1.134251292389218,-0.09277006130113596
-1.0452284151964848,-1.137573723745818,-0.09277006130113596
-1.0095175988603347,-1.1408961551024182,-0.09277006130113596
-0.9738067825241844,-1.1442185864590182,-0.09277006130113596
-0.9380959661880341,-1.1475410178156182,-0.09277006130113596
-0.902385149851884,-1.1508634491722183,-0.09277006130113596
-0.8666743335157338,-1.1541858805288183,-0.09277006130113596
-0.8309635171795835,-1.1575083118854184,-0.09277006130113596
-0.7952527008434334,-1.1608307432420184,-0.09277006130113596
-0.7595418845072831,-1.1641531745986182,-0.09277006130113596
-0.7238310681711329,-1.1674756059552183,-0.09277006130113596
-0.6881202518349827,-1.1707980373118183,-0.09277006130113596
-0.6524094354988325,-1.1741204686684183,-0.09277006130113596
-0.6166986191626822,-1.1774429000250184,-0.09277006130113596
-0.580987802826532,-1.1807653313816184,-0.09277006130113596
-0.5452769864903817,-1.1840877627382185,-0.09277006130113596
-0.5095661701542318,-1.1874101940948183,-0.09277006130113596
-0.4738553538180814,-1.1907326254514183,-0.09277006130113596
-0.4381445374819313,-1.1940550568080184,-0.09277006130113596
-0.4024337211457809,-1.1973774881646184,-0.09277006130113596
-0.36672290480963077,-1.2006999195212185,-0.09277006130113596
-0.3310120884734804,-1.2040223508778185,-0.09277006130113596
-0.2953012721373305,-1.2073447822344185,-0.09277006130113596
-0.2595904558011801,-1.2106672135910186,-0.09277006130113596
-0.22387963946502998,-1.2139896449476186,-0.09277006130113596
-0.18816882312887961,-1.2173120763042187,-0.09277006130113596
-0.15245800679272947,-1.2206345076608185,-0.09277006130113596
-0.11674719045657911,-1.2239569390174185,-0.09277006130113596
-0.08103637412042897,-1.2272793703740186,-0.09277006130113596
-0.045325557784278825,-1.2306018017306186,-0.09277006130113596
-0.009614741448128683,-1.2339242330872187,-0.09277006130113596
0.02609607488802168,-1.2372466644438187,-0.09277006130113596
0.06180689122417182,-1.2405690958004187,-0.09277006130113596
0.09751770756032219,-1.2438915271570186,-0.09277006130113596
0.13322852389647233,-1.2472139585136186,-0.09277006130113596
0.16893934023262247,-1.2505363898702186,-0.09277006130113596
0.2046501565687726,-1.2538588212268187,-0.09277006130113596
0.24036097290492298,-1.2571812525834187,-0.09277006130113596
0.2760717892410731,-1.2605036839400188,-0.09277006130113596
0.3117826055772235,-1.2638261152966188,-0.09277006130113596
0.3474934219133736,-1.2671485466532189,-0.09277006130113596
0.383204238249524,-1.270470978009819,-0.09277006130113596
0.41891505458567413,-1.273793409366419,-0.09277006130113596
0.4546258709218245,-1.2771158407230188,-0.09277006130113596
0.4903366872579742,-1.2804382720796188,-0.09277006130113596
0.5260475035941243,-1.2837607034362188,-0.09277006130113596
0.5617583199302749,-1.2870831347928189,-0.09277006130113596
0.5974691362664251,-1.290405566149419,-0.09277006130113596
0.6331799526025752,-1.293727997506019,-0.09277006130113596
0.6688907689387253,-1.297050428862619,-0.09277006130113596
0.7046015852748759,-1.3003728602192188,-0.09277006130113596
0.7403124016110261,-1.3036952915758189,-0.09277006130113596
0.7760232179471762,-1.307017722932419,-0.09277006130113596
0.8117340342833264,-1.310340154289019,-0.09277006130113596
0.8474448506194769,-1.313662585645619,-0.09277006130113596
0.8831556669556271,-1.316985017002219,-0.09277006130113596
0.9188664832917772,-1.320307448358819,-0.09277006130113596
0.9545772996279269,-1.3236298797154191,-0.09277006130113596
0.9902881159640775,-1.3269523110720192,-0.09277006130113596
1.0259989323002277,-1.330274742428619,-0.09277006130113596
1.0617097486363778,-1.333597173785219,-0.09277006130113596
1.097420564972528,-1.336919605141819,-0.09277006130113596
1.1331313813086785,-1.340242036498419,-0.09277006130113596
1.1688421976448287,-1.3435644678550192,-0.09277006130113596
1.2045530139809788,-1.3468868992116192,-0.09277006130113596
1.240263830317129,-1.3502093305682192,-0.09277006130113596
1.2759746466532795,-1.3535317619248193,-0.09277006130113596
1.3116854629894297,-1.356854193281419,-0.09277006130113596
1.3473962793255798,-1.3601766246380191,-0.09277006130113596
1.38310709566173,-1.3634990559946192,-0.09277006130113596
1.41881791199788,-1.3668214873512192,-0.09277006130113596
1.4545287283340302,-1.3701439187078193,-0.09277006130113596
1.4902395446701804,-1.3734663500644193,-0.09277006130113596
1.5259503610063305,-1.3767887814210193,-0.09277006130113596
1.561661177342481,-1.3801112127776194,-0.09277006130113596
1.5973719936786313,-1.3834336441342194,-0.09277006130113596
1.6330828100147814,-1.3867560754908195,-0.09277006130113596
1.6687936263509315,-1.3900785068474193,-0.09277006130113596
1.7045044426870821,-1.3934009382040193,-0.09277006130113596
1.7402152590232323,-1.3967233695606194,-0.09277006130113596
1.7759260753593824,-1.4000458009172194,-0.09277006130113596
1.8116368916955325,-1.4033682322738195,-0.09277006130113596
1.8473477080316827,-1.4066906636304195,-0.09277006130113596
1.8830585243678328,-1.4100130949870193,-0.09277006130113596
1.918769340703983,-1.4133355263436194,-0.09277006130113596
1.9544801570401331,-1.4166579577002194,-0.09277006130113596
1.9901909733762837,-1.4199803890568194,-0.09277006130113596
2.025901789712434,-1.4233028204134195,-0.09277006130113596
2.061612606048584,-1.4266252517700195,-0.09277006130113596
2.1036498286936545,-1.431734540674946,-0.12094877654447835
2.1456870513387245,-1.4368438295798727,-0.12094877654447835
2.187724273983795,-1.4419531184847991,-0.12094877654447835
2.229761496628865,-1.4470624073897258,-0.12094877654447835
2.2717987192739355,-1.4521716962946523,-0.12094877654447835
2.3138359419190055,-1.457280985199579,-0.12094877654447835
2.355873164564076,-1.4623902741045054,-0.12094877654447835
2.3979103872091465,-1.467499563009432,-0.12094877654447835
2.4399476098542165,-1.4726088519143585,-0.12094877654447835
2.481984832499287,-1.4777181408192852,-0.12094877654447835
2.524022055144357,-1.4828274297242117,-0.12094877654447835
2.5660592777894276,-1.4879367186291383,-0.12094877654447835
2.608096500434498,-1.4930460075340648,-0.12094877654447835
2.650133723079568,-1.4981552964389915,-0.12094877654447835
2.692170945724638,-1.503264585343918,-0.12094877654447835
2.7342081683697086,-1.5083738742488446,-0.12094877654447835
2.776245391014779,-1.513483163153771,-0.12094877654447835
2.818282613659849,-1.5185924520586978,-0.12094877654447835
2.8603198363049196,-1.5237017409636242,-0.12094877654447835
2.90235705894999,-1.5288110298685509,-0.12094877654447835
2.94439428159506,-1.5339203187734773,-0.12094877654447835
2.9864315042401306,-1.539029607678404,-0.12094877654447835
3.0284687268852006,-1.5441388965833305,-0.12094877654447835
3.070505949530271,-1.5492481854882572,-0.12094877654447835
3.112543172175341,-1.5543574743931836,-0.12094877654447835
3.1545803948204116,-1.5594667632981103,-0.12094877654447835
3.196617617465482,-1.5645760522030367,-0.12094877654447835
3.238654840110552,-1.5696853411079634,-0.12094877654447835
3.280692062755622,-1.5747946300128899,-0.12094877654447835
3.3227292854006927,-1.5799039189178163,-0.12094877654447835
3.364766508045763,-1.585013207822743,-0.12094877654447835
3.406803730690833,-1.5901224967276697,-0.12094877654447835
3.4488409533359037,-1.5952317856325962,-0.12094877654447835
3.490878175980974,-1.6003410745375226,-0.12094877654447835
3.532915398626044,-1.6054503634424493,-0.12094877654447835
3.5749526212711142,-1.6105596523473757,-0.12094877654447835
3.6169898439161847,-1.6156689412523024,-0.12094877654447835
3.659027066561255,-1.6207782301572289,-0.12094877654447835
3.7010642892063252,-1.6258875190621556,-0.12094877654447835
3.7431015118513957,-1.6309968079670822,-0.12094877654447835
3.785138734496466,-1.6361060968720087,-0.12094877654447835
3.8271759571415362,-1.6412153857769352,-0.12094877654447835
3.8692131797866063,-1.6463246746818618,-0.12094877654447835
3.911250402431677,-1.6514339635867883,-0.12094877654447835
3.9532876250767472,-1.656543252491715,-0.12094877654447835
3.9953248477218173,-1.6616525413966414,-0.12094877654447835
4.037362070366887,-1.666761830301568,-0.12094877654447835
4.079399293011958,-1.6718711192064946,-0.12094877654447835
4.121436515657028,-1.6769804081114212,-0.12094877654447835
4.163473738302098,-1.6820896970163477,-0.12094877654447835
4.205510960947169,-1.6871989859212744,-0.12094877654447835
4.247548183592239,-1.6923082748262008,-0.12094877654447835
4.289585406237309,-1.6974175637311275,-0.12094877654447835
4.33162262888238,-1.702526852636054,-0.12094877654447835
4.37365985152745,-1.7076361415409806,-0.12094877654447835
4.41569707417252,-1.712745430445907,-0.12094877654447835
4.45773429681759,-1.7178547193508336,-0.12094877654447835
4.49977151946266,-1.7229640082557602,-0.12094877654447835
4.541808742107731,-1.728073297160687,-0.12094877654447835
4.583845964752801,-1.7331825860656134,-0.12094877654447835
4.625883187397871,-1.7382918749705398,-0.12094877654447835
4.667920410042942,-1.7434011638754665,-0.12094877654447835
4.709957632688012,-1.7485104527803932,-0.12094877654447835
4.751994855333082,-1.7536197416853196,-0.12094877654447835
4.794032077978153,-1.758729030590246,-0.12094877654447835
4.836069300623223,-1.7638383194951728,-0.12094877654447835
4.878106523268293,-1.7689476084000995,-0.12094877654447835
4.920143745913364,-1.774056897305026,-0.12094877654447835
4.962180968558434,-1.7791661862099524,-0.12094877654447835
5.004218191203504,-1.784275475114879,-0.12094877654447835
5.0462554138485745,-1.7893847640198055,-0.12094877654447835
5.0882926364936445,-1.7944940529247322,-0.12094877654447835
5.130329859138715,-1.7996033418296586,-0.12094877654447835
5.1723670817837855,-1.8047126307345853,-0.12094877654447835
5.2144043044288555,-1.8098219196395118,-0.12094877654447835
5.256441527073926,-1.8149312085444385,-0.12094877654447835
5.2984787497189965,-1.820040497449365,-0.12094877654447835
5.3405159723640665,-1.8251497863542916,-0.12094877654447835
5.382553195009137,-1.8302590752592183,-0.12094877654447835
5.4245904176542075,-1.8353683641641447,-0.12094877654447835
5.4666276402992775,-1.8404776530690712,-0.12094877654447835
5.508664862944348,-1.8455869419739979,-0.12094877654447835
5.550702085589418,-1.8506962308789243,-0.12094877654447835
5.5927393082344885,-1.855805519783851,-0.12094877654447835
5.634776530879559,-1.8609148086887775,-0.12094877654447835
5.676813753524629,-1.8660240975937041,-0.12094877654447835
5.7188509761696995,-1.8711333864986306,-0.12094877654447835
5.76088819881477,-1.8762426754035573,-0.12094877654447835
5.80292542145984,-1.8813519643084837,-0.12094877654447835
5.8449626441049105,-1.8864612532134104,-0.12094877654447835
5.8869998667499805,-1.8915705421183369,-0.12094877654447835
5.929037089395051,-1.8966798310232635,-0.12094877654447835
5.9710743120401215,-1.90178911992819,-0.12094877654447835
6.0131115346851916,-1.9068984088331167,-0.12094877654447835
6.055148757330262,-1.9120076977380431,-0.12094877654447835
6.097185979975332,-1.9171169866429696,-0.12094877654447835
6.1392232026204026,-1.9222262755478963,-0.12094877654447835
6.181260425265473,-1.927335564452823,-0.12094877654447835
6.223297647910543,-1.9324448533577494,-0.12094877654447835
6.2653348705556136,-1.9375541422626759,-0.12094877654447835
6.307372093200684,-1.9426634311676025,-0.12094877654447835
6.33613643079701,-1.9468260637604364,-0.14371732946777158
6.364900768393337,-1.9509886963532703,-0.14371732946777158
6.393665105989664,-1.9551513289461042,-0.14371732946777158
6.42242944358599,-1.959313961538938,-0.14371732946777158
6.451193781182317,-1.9634765941317718,-0.14371732946777158
6.479958118778645,-1.9676392267246057,-0.14371732946777158
6.508722456374971,-1.9718018593174396,-0.14371732946777158
6.537486793971298,-1.9759644919102735,-0.14371732946777158
6.566251131567625,-1.9801271245031073,-0.14371732946777158
6.595015469163951,-1.9842897570959412,-0.14371732946777158
6.623779806760278,-1.9884523896887751,-0.14371732946777158
6.652544144356605,-1.992615022281609,-0.14371732946777158
6.681308481952931,-1.996777654874443,-0.14371732946777158
6.710072819549258,-2.0009402874672766,-0.14371732946777158
6.738837157145585,-2.0051029200601107,-0.14371732946777158
6.767601494741912,-2.0092655526529444,-0.14371732946777158
6.796365832338239,-2.0134281852457785,-0.14371732946777158
6.825130169934566,-2.017590817838612,-0.14371732946777158
6.853894507530892,-2.021753450431446,-0.14371732946777158
6.882658845127219,-2.02591608302428,-0.14371732946777158
6.911423182723546,-2.0300787156171136,-0.14371732946777158
6.940187520319872,-2.0342413482099477,-0.14371732946777158
6.968951857916199,-2.0384039808027814,-0.14371732946777158
6.997716195512526,-2.0425666133956155,-0.14371732946777158
7.0264805331088525,-2.046729245988449,-0.14371732946777158
7.05524487070518,-2.0508918785812833,-0.14371732946777158
7.084009208301507,-2.055054511174117,-0.14371732946777158
7.112773545897833,-2.0592171437669506,-0.14371732946777158
7.14153788349416,-2.0633797763597848,-0.14371732946777158
7.170302221090487,-2.0675424089526184,-0.14371732946777158
7.199066558686813,-2.0717050415454525,-0.14371732946777158
7.22783089628314,-2.075867674138286,-0.14371732946777158
7.256595233879467,-2.0800303067311203,-0.14371732946777158
7.2853595714757935,-2.084192939323954,-0.14371732946777158
7.314123909072121,-2.088355571916788,-0.14371732946777158
7.342888246668448,-2.092518204509622,-0.14371732946777158
7.371652584264774,-2.096680837102456,-0.14371732946777158
7.400416921861101,-2.1008434696952896,-0.14371732946777158
7.429181259457428,-2.1050061022881232,-0.14371732946777158
7.4579455970537545,-2.1091687348809574,-0.14371732946777158
7.486709934650081,-2.113331367473791,-0.14371732946777158
7.515474272246408,-2.117494000066625,-0.14371732946777158
7.5442386098427345,-2.121656632659459,-0.14371732946777158
7.573002947439061,-2.125819265252293,-0.14371732946777158
7.601767285035388,-2.1299818978451266,-0.14371732946777158
7.630531622631715,-2.1341445304379603,-0.14371732946777158
7.659295960228042,-2.1383071630307944,-0.14371732946777158
7.688060297824369,-2.142469795623628,-0.14371732946777158
7.7168246354206955,-2.146632428216462,-0.14371732946777158
7.745588973017022,-2.150795060809296,-0.14371732946777158
7.774353310613349,-2.15495769340213,-0.14371732946777158
7.803117648209676,-2.1591203259949636,-0.14371732946777158
7.831881985806002,-2.1632829585877977,-0.14371732946777158
7.86064632340233,-2.1674455911806314,-0.14371732946777158
7.8894106609986565,-2.1716082237734655,-0.14371732946777158
7.918174998594983,-2.175770856366299,-0.14371732946777158
7.94693933619131,-2.179933488959133,-0.14371732946777158
7.975703673787637,-2.184096121551967,-0.14371732946777158
8.004468011383963,-2.1882587541448006,-0.14371732946777158
8.03323234898029,-2.1924213867376348,-0.14371732946777158
8.061996686576617,-2.1965840193304684,-0.14371732946777158
8.090761024172943,-2.2007466519233025,-0.14371732946777158
8.11952536176927,-2.204909284516136,-0.14371732946777158
8.148289699365597,-2.20907191710897,-0.14371732946777158
8.177054036961923,-2.213234549701804,-0.14371732946777158
8.20581837455825,-2.2173971822946377,-0.14371732946777158
8.234582712154577,-2.221559814887472,-0.14371732946777158
8.263347049750903,-2.2257224474803055,-0.14371732946777158
8.29211138734723,-2.2298850800731396,-0.14371732946777158
8.320875724943559,-2.2340477126659732,-0.14371732946777158
8.349640062539883,-2.2382103452588074,-0.14371732946777158
8.378404400136212,-2.242372977851641,-0.14371732946777158
8.407168737732537,-2.246535610444475,-0.14371732946777158
8.435933075328865,-2.250698243037309,-0.14371732946777158
8.464697412925192,-2.2548608756301425,-0.14371732946777158
8.493461750521519,-2.2590235082229766,-0.14371732946777158
8.522226088117845,-2.2631861408158103,-0.14371732946777158
8.550990425714172,-2.2673487734086444,-0.14371732946777158
8.579754763310499,-2.271511406001478,-0.14371732946777158
8.608519100906825,-2.275674038594312,-0.14371732946777158
8.637283438503152,-2.279836671187146,-0.14371732946777158
8.666047776099479,-2.28399930377998,-0.14371732946777158
8.694812113695805,-2.2881619363728136,-0.14371732946777158
8.723576451292132,-2.2923245689656473,-0.14371732946777158
8.752340788888459,-2.2964872015584814,-0.14371732946777158
8.781105126484785,-2.300649834151315,-0.14371732946777158
8.809869464081112,-2.304812466744149,-0.14371732946777158
8.838633801677439,-2.308975099336983,-0.14371732946777158
8.867398139273767,-2.313137731929817,-0.14371732946777158
8.896162476870092,-2.3173003645226506,-0.14371732946777158
8.92492681446642,-2.3214629971154848,-0.14371732946777158
8.953691152062746,-2.3256256297083184,-0.14371732946777158
8.982455489659074,-2.329788262301152,-0.14371732946777158
9.0112198272554,-2.333950894893986,-0.14371732946777158
9.039984164851727,-2.33811352748682,-0.14371732946777158
9.068748502448054,-2.342276160079654,-0.14371732946777158
9.09751284004438,-2.3464387926724877,-0.14371732946777158
9.126277177640707,-2.350601425265322,-0.14371732946777158
9.155041515237034,-2.3547640578581555,-0.14371732946777158
9.18380585283336,-2.358926690450989,-0.14371732946777158
9.212570190429688,-2.3630893230438232,-0.14371732946777158
9.245705746188023,-2.360955283193305,0.06431449867352838
9.278841301946358,-2.3588212433427866,0.06431449867352838
9.31197685770469,-2.3566872034922683,0.06431449867352838
9.345112413463026,-2.35455316364175,0.06431449867352838
9.378247969221361,-2.3524191237912317,0.06431449867352838
9.411383524979696,-2.350285083940714,0.06431449867352838
9.44451908073803,-2.3481510440901956,0.06431449867352838
9.477654636496364,-2.3460170042396773,0.06431449867352838
9.5107901922547,-2.343882964389159,0.06431449867352838
9.543925748013034,-2.3417489245386407,0.06431449867352838
9.577061303771368,-2.3396148846881224,0.06431449867352838
9.610196859529703,-2.337480844837604,0.06431449867352838
9.643332415288038,-2.335346804987086,0.06431449867352838
9.676467971046373,-2.3332127651365675,0.06431449867352838
9.709603526804706,-2.331078725286049,0.06431449867352838
9.742739082563041,-2.3289446854355313,0.06431449867352838
9.775874638321376,-2.326810645585013,0.06431449867352838
9.809010194079711,-2.3246766057344947,0.06431449867352838
9.842145749838046,-2.3225425658839765,0.06431449867352838
9.87528130559638,-2.320408526033458,0.06431449867352838
9.908416861354715,-2.31827448618294,0.06431449867352838
9.94155241711305,-2.3161404463324216,0.06431449867352838
9.974687972871385,-2.3140064064819033,0.06431449867352838
10.007823528629718,-2.311872366631385,0.06431449867352838
10.040959084388053,-2.3097383267808667,0.06431449867352838
10.074094640146388,-2.307604286930349,0.06431449867352838
10.107230195904723,-2.3054702470798305,0.06431449867352838
10.140365751663056,-2.303336207229312,0.06431449867352838
10.173501307421391,-2.301202167378794,0.06431449867352838
10.206636863179726,-2.2990681275282756,0.06431449867352838
10.239772418938061,-2.2969340876777573,0.06431449867352838
10.272907974696395,-2.294800047827239,0.06431449867352838
10.30604353045473,-2.2926660079767207,0.06431449867352838
10.339179086213065,-2.2905319681262024,0.06431449867352838
10.3723146419714,-2.288397928275684,0.06431449867352838
10.405450197729733,-2.2862638884251663,0.06431449867352838
10.438585753488068,-2.284129848574648,0.06431449867352838
10.471721309246403,-2.2819958087241297,0.06431449867352838
10.504856865004738,-2.2798617688736114,0.06431449867352838
10.537992420763072,-2.277727729023093,0.06431449867352838
10.571127976521407,-2.2755936891725748,0.06431449867352838
10.604263532279742,-2.2734596493220565,0.06431449867352838
10.637399088038077,-2.271325609471538,0.06431449867352838
10.670534643796412,-2.26919156962102,0.06431449867352838
10.703670199554745,-2.2670575297705016,0.06431449867352838
10.73680575531308,-2.2649234899199837,0.06431449867352838
10.769941311071415,-2.2627894500694654,0.06431449867352838
10.803076866829748,-2.260655410218947,0.06431449867352838
10.836212422588083,-2.258521370368429,0.06431449867352838
10.869347978346418,-2.2563873305179105,0.06431449867352838
10.902483534104753,-2.254253290667392,0.06431449867352838
10.935619089863089,-2.252119250816874,0.06431449867352838
10.968754645621424,-2.2499852109663556,0.06431449867352838
11.001890201379757,-2.2478511711158373,0.06431449867352838
11.035025757138092,-2.245717131265319,0.06431449867352838
11.068161312896427,-2.243583091414801,0.06431449867352838
11.10129686865476,-2.241449051564283,0.06431449867352838
11.134432424413095,-2.2393150117137646,0.06431449867352838
11.16756798017143,-2.2371809718632463,0.06431449867352838
11.200703535929765,-2.235046932012728,0.06431449867352838
11.2338390916881,-2.2329128921622097,0.06431449867352838
11.266974647446434,-2.2307788523116914,0.06431449867352838
11.300110203204769,-2.228644812461173,0.06431449867352838
11.333245758963104,-2.2265107726106548,0.06431449867352838
11.366381314721437,-2.2243767327601365,0.06431449867352838
11.399516870479772,-2.222242692909618,0.06431449867352838
11.432652426238107,-2.2201086530591003,0.06431449867352838
11.465787981996442,-2.217974613208582,0.06431449867352838
11.498923537754777,-2.2158405733580637,0.06431449867352838
11.53205909351311,-2.2137065335075454,0.06431449867352838
11.565194649271445,-2.211572493657027,0.06431449867352838
11.59833020502978,-2.209438453806509,0.06431449867352838
11.631465760788114,-2.2073044139559905,0.06431449867352838
11.664601316546449,-2.2051703741054722,0.06431449867352838
11.697736872304784,-2.203036334254954,0.06431449867352838
11.730872428063119,-2.200902294404436,0.06431449867352838
11.764007983821454,-2.198768254553918,0.06431449867352838
11.797143539579789,-2.1966342147033995,0.06431449867352838
11.830279095338122,-2.194500174852881,0.06431449867352838
11.863414651096457,-2.192366135002363,0.06431449867352838
11.896550206854792,-2.1902320951518446,0.06431449867352838
11.929685762613126,-2.1880980553013263,0.06431449867352838
11.96282131837146,-2.185964015450808,0.06431449867352838
11.995956874129796,-2.1838299756002897,0.06431449867352838
12.02909242988813,-2.1816959357497714,0.06431449867352838
12.062227985646466,-2.179561895899253,0.06431449867352838
12.095363541404799,-2.1774278560487352,0.06431449867352838
12.128499097163134,-2.175293816198217,0.06431449867352838
12.16163465292147,-2.1731597763476986,0.06431449867352838
12.194770208679804,-2.1710257364971803,0.06431449867352838
12.227905764438137,-2.168891696646662,0.06431449867352838
12.261041320196473,-2.1667576567961437,0.06431449867352838
12.294176875954808,-2.1646236169456254,0.06431449867352838
12.327312431713143,-2.162489577095107,0.06431449867352838
12.360447987471476,-2.160355537244589,0.06431449867352838
12.393583543229811,-2.158221497394071,0.06431449867352838
12.426719098988146,-2.1560874575435527,0.06431449867352838
12.459854654746481,-2.1539534176930344,0.06431449867352838
12.492990210504814,-2.151819377842516,0.06431449867352838
12.52612576626315,-2.149685337991998,0.06431449867352838
12.559261322021484,-2.1475512981414795,0.06431449867352838
12.564844631912685,-2.116935942432668,1.3904091150053373
12.570427941803885,-2.0863205867238563,1.3904091150053373
12.576011251695085,-2.055705231015045,1.3904091150053373
12.581594561586286,-2.025089875306233,1.3904091150053373
12.587177871477486,-1.9944745195974218,1.3904091150053373
12.592761181368687,-1.9638591638886103,1.3904091150053373
12.598344491259887,-1.9332438081797987,1.3904091150053373
12.603927801151087,-1.902628452470987,1.3904091150053373
12.609511111042288,-1.8720130967621755,1.3904091150053373
12.615094420933488,-1.8413977410533642,1.3904091150053373
12.620677730824688,-1.8107823853445526,1.3904091150053373
12.626261040715889,-1.780167029635741,1.3904091150053373
12.631844350607087,-1.7495516739269295,1.3904091150053373
12.637427660498288,-1.7189363182181179,1.3904091150053373
12.643010970389488,-1.6883209625093063,1.3904091150053373
12.648594280280689,-1.6577056068004947,1.3904091150053373
12.654177590171889,-1.6270902510916834,1.3904091150053373
12.65976090006309,-1.5964748953828718,1.3904091150053373
12.66534420995429,-1.5658595396740602,1.3904091150053373
12.67092751984549,-1.5352441839652486,1.3904091150053373
12.67651082973669,-1.504628828256437,1.3904091150053373
12.68209413962789,-1.4740134725476257,1.3904091150053373
12.687677449519091,-1.443398116838814,1.3904091150053373
12.693260759410292,-1.4127827611300026,1.3904091150053373
12.698844069301492,-1.3821674054211908,1.3904091150053373
12.704427379192692,-1.3515520497123794,1.3904091150053373
12.710010689083893,-1.3209366940035678,1.3904091150053373
12.715593998975093,-1.2903213382947563,1.3904091150053373
12.721177308866293,-1.259705982585945,1.3904091150053373
12.726760618757494,-1.229090626877133,1.3904091150053373
12.732343928648694,-1.1984752711683218,1.3904091150053373
12.737927238539895,-1.16785991545951,1.3904091150053373
12.743510548431095,-1.1372445597506986,1.3904091150053373
12.749093858322295,-1.106629204041887,1.3904091150053373
12.754677168213496,-1.0760138483330757,1.3904091150053373
12.760260478104696,-1.045398492624264,1.3904091150053373
12.765843787995896,-1.0147831369154525,1.3904091150053373
12.771427097887095,-0.984167781206641,1.3904091150053373
12.777010407778295,-0.9535524254978294,1.3904091150053373
12.782593717669496,-0.9229370697890178,1.3904091150053373
12.788177027560696,-0.8923217140802062,1.3904091150053373
12.793760337451896,-0.8617063583713949,1.3904091150053373
12.799343647343097,-0.8310910026625833,1.3904091150053373
12.804926957234297,-0.8004756469537717,1.3904091150053373
12.810510267125498,-0.7698602912449601,1.3904091150053373
12.816093577016698,-0.7392449355361486,1.3904091150053373
12.821676886907898,-0.708629579827337,1.3904091150053373
12.827260196799099,-0.6780142241185254,1.3904091150053373
12.832843506690299,-0.6473988684097138,1.3904091150053373
12.8384268165815,-0.6167835127009023,1.3904091150053373
12.8440101264727,-0.5861681569920909,1.3904091150053373
12.8495934363639,-0.5555528012832793,1.3904091150053373
12.8551767462551,-0.5249374455744678,1.3904091150053373
12.860760056146301,-0.4943220898656562,1.3904091150053373
12.866343366037501,-0.4637067341568446,1.3904091150053373
12.871926675928702,-0.433091378448033,1.3904091150053373
12.877509985819902,-0.4024760227392217,1.3904091150053373
12.883093295711102,-0.3718606670304101,1.3904091150053373
12.888676605602303,-0.3412453113215985,1.3904091150053373
12.894259915493503,-0.31062995561278695,1.3904091150053373
12.899843225384704,-0.28001459990397537,1.3904091150053373
12.905426535275904,-0.2493992441951638,1.3904091150053373
12.911009845167104,-0.21878388848635222,1.3904091150053373
12.916593155058303,-0.18816853277754064,1.3904091150053373
12.922176464949503,-0.15755317706872907,1.3904091150053373
12.927759774840704,-0.1269378213599177,1.3904091150053373
12.933343084731904,-0.09632246565110592,1.3904091150053373
12.938926394623104,-0.06570710994229456,1.3904091150053373
12.944509704514305,-0.035091754233482764,1.3904091150053373
12.950093014405505,-0.004476398524671854,1.3904091150053373
12.955676324296705,0.026138957184139944,1.3904091150053373
12.961259634187906,0.0567543128929513,1.3904091150053373
12.966842944079106,0.0873696686017631,1.3904091150053373
12.972426253970307,0.11798502431057445,1.3904091150053373
12.978009563861507,0.14860038001938625,1.3904091150053373
12.983592873752707,0.1792157357281976,1.3904091150053373
12.989176183643908,0.2098310914370094,1.3904091150053373
12.994759493535108,0.24044644714582075,1.3904091150053373
13.000342803426308,0.27106180285463255,1.3904091150053373
13.005926113317509,0.3016771585634439,1.3904091150053373
13.01150942320871,0.3322925142722557,1.3904091150053373
13.01709273309991,0.36290786998106705,1.3904091150053373
13.02267604299111,0.3935232256898784,1.3904091150053373
13.02825935288231,0.42413858139868976,1.3904091150053373
13.03384266277351,0.45475393710750156,1.3904091150053373
13.039425972664711,0.4853692928163129,1.3904091150053373
13.045009282555911,0.5159846485251247,1.3904091150053373
13.05059259244711,0.5466000042339361,1.3904091150053373
13.05617590233831,0.5772153599427479,1.3904091150053373
13.06175921222951,0.6078307156515592,1.3904091150053373
13.067342522120711,0.638446071360371,1.3904091150053373
13.072925832011911,0.6690614270691824,1.3904091150053373
13.078509141903112,0.6996767827779942,1.3904091150053373
13.084092451794312,0.7302921384868055,1.3904091150053373
13.089675761685513,0.7609074941956169,1.3904091150053373
13.095259071576713,0.7915228499044287,1.3904091150053373
13.100842381467913,0.82213820561324,1.3904091150053373
13.106425691359114,0.8527535613220518,1.3904091150053373
13.112009001250314,0.8833689170308632,1.3904091150053373
13.117592311141514,0.913984272739675,1.3904091150053373
13.123175621032715,0.9445996284484863,1.3904091150053373
13.101331087622311,0.9581203696751358,2.5873535076559806
13.07948655421191,0.9716411109017854,2.5873535076559806
13.057642020801506,0.9851618521284349,2.5873535076559806
13.035797487391104,0.9986825933550845,2.5873535076559806
13.0139529539807,1.0122033345817338,2.5873535076559806
12.992108420570299,1.0257240758083834,2.5873535076559806
12.970263887159895,1.039244817035033,2.5873535076559806
12.948419353749493,1.0527655582616826,2.5873535076559806
12.92657482033909,1.066286299488332,2.5873535076559806
12.904730286928686,1.0798070407149816,2.5873535076559806
12.882885753518284,1.093327781941631,2.5873535076559806
12.86104122010788,1.1068485231682805,2.5873535076559806
12.839196686697479,1.1203692643949301,2.5873535076559806
12.817352153287075,1.1338900056215797,2.5873535076559806
12.795507619876673,1.147410746848229,2.5873535076559806
12.77366308646627,1.1609314880748787,2.5873535076559806
12.751818553055868,1.1744522293015283,2.5873535076559806
12.729974019645464,1.1879729705281776,2.5873535076559806
12.70812948623506,1.2014937117548272,2.5873535076559806
12.686284952824659,1.2150144529814768,2.5873535076559806
12.664440419414255,1.2285351942081262,2.5873535076559806
12.642595886003853,1.2420559354347758,2.5873535076559806
12.62075135259345,1.2555766766614254,2.5873535076559806
12.598906819183048,1.2690974178880747,2.5873535076559806
12.577062285772644,1.2826181591147243,2.5873535076559806
12.555217752362243,1.296138900341374,2.5873535076559806
12.533373218951839,1.3096596415680235,2.5873535076559806
12.511528685541435,1.3231803827946729,2.5873535076559806
12.489684152131034,1.3367011240213225,2.5873535076559806
12.46783961872063,1.3502218652479718,2.5873535076559806
12.445995085310228,1.3637426064746214,2.5873535076559806
12.424150551899825,1.377263347701271,2.5873535076559806
12.402306018489423,1.3907840889279206,2.5873535076559806
12.38046148507902,1.40430483015457,2.5873535076559806
12.358616951668617,1.4178255713812196,2.5873535076559806
12.336772418258214,1.431346312607869,2.5873535076559806
12.314927884847812,1.4448670538345185,2.5873535076559806
12.293083351437408,1.4583877950611681,2.5873535076559806
12.271238818027005,1.4719085362878177,2.5873535076559806
12.249394284616603,1.4854292775144673,2.5873535076559806
12.2275497512062,1.4989500187411167,2.5873535076559806
12.205705217795797,1.512470759967766,2.5873535076559806
12.183860684385394,1.5259915011944156,2.5873535076559806
12.162016150974992,1.5395122424210652,2.5873535076559806
12.140171617564588,1.5530329836477148,2.5873535076559806
12.118327084154185,1.5665537248743644,2.5873535076559806
12.096482550743783,1.580074466101014,2.5873535076559806
12.07463801733338,1.5935952073276631,2.5873535076559806
12.052793483922978,1.6071159485543127,2.5873535076559806
12.030948950512574,1.6206366897809623,2.5873535076559806
12.009104417102172,1.634157431007612,2.5873535076559806
11.987259883691769,1.6476781722342615,2.5873535076559806
11.965415350281367,1.661198913460911,2.5873535076559806
11.943570816870963,1.6747196546875605,2.5873535076559806
11.921726283460561,1.68824039591421,2.5873535076559806
11.899881750050158,1.7017611371408594,2.5873535076559806
11.878037216639754,1.715281878367509,2.5873535076559806
11.856192683229352,1.7288026195941586,2.5873535076559806
11.834348149818949,1.742323360820808,2.5873535076559806
11.812503616408547,1.7558441020474576,2.5873535076559806
11.790659082998143,1.769364843274107,2.5873535076559806
11.768814549587741,1.7828855845007565,2.5873535076559806
11.746970016177338,1.796406325727406,2.5873535076559806
11.725125482766934,1.8099270669540557,2.5873535076559806
11.703280949356532,1.8234478081807053,2.5873535076559806
11.681436415946129,1.8369685494073547,2.5873535076559806
11.659591882535727,1.8504892906340042,2.5873535076559806
11.637747349125323,1.8640100318606536,2.5873535076559806
11.615902815714922,1.8775307730873032,2.5873535076559806
11.594058282304518,1.8910515143139528,2.5873535076559806
11.572213748894116,1.9045722555406022,2.5873535076559806
11.550369215483713,1.9180929967672518,2.5873535076559806
11.52852468207331,1.9316137379939011,2.5873535076559806
11.506680148662907,1.9451344792205507,2.5873535076559806
11.484835615252504,1.9586552204472003,2.5873535076559806
11.462991081842102,1.97217596167385,2.5873535076559806
11.441146548431698,1.9856967029004995,2.5873535076559806
11.419302015021296,1.9992174441271489,2.5873535076559806
11.397457481610893,2.0127381853537987,2.5873535076559806
11.37561294820049,2.0262589265804483,2.5873535076559806
11.353768414790087,2.039779667807098,2.5873535076559806
11.331923881379684,2.053300409033747,2.5873535076559806
11.310079347969282,2.066821150260396,2.5873535076559806
11.28823481455888,2.0803418914870457,2.5873535076559806
11.266390281148476,2.0938626327136953,2.5873535076559806
11.244545747738073,2.107383373940345,2.5873535076559806
11.222701214327671,2.1209041151669945,2.5873535076559806
11.200856680917267,2.134424856393644,2.5873535076559806
11.179012147506866,2.1479455976202937,2.5873535076559806
11.157167614096462,2.1614663388469433,2.5873535076559806
11.13532308068606,2.174987080073593,2.5873535076559806
11.113478547275657,2.1885078213002425,2.5873535076559806
11.091634013865253,2.202028562526892,2.5873535076559806
11.069789480454851,2.2155493037535416,2.5873535076559806
11.04794494704445,2.229070044980191,2.5873535076559806
11.026100413634046,2.24259078620684,2.5873535076559806
11.004255880223642,2.2561115274334895,2.5873535076559806
10.98241134681324,2.269632268660139,2.5873535076559806
10.960566813402837,2.2831530098867887,2.5873535076559806
10.938722279992433,2.2966737511134383,2.5873535076559806
10.916877746582031,2.310194492340088,2.5873535076559806
10.874754542171365,2.3193388929461487,2.927822548556388
10.832631337760699,2.32848329355221,2.927822548556388
10.790508133350032,2.3376276941582708,2.927822548556388
10.748384928939366,2.3467720947643316,2.927822548556388
10.7062617245287,2.355916495370393,2.927822548556388
10.664138520118033,2.3650608959764536,2.927822548556388
10.622015315707367,2.374205296582515,2.927822548556388
10.5798921112967,2.3833496971885757,2.927822548556388
10.537768906886035,2.3924940977946365,2.927822548556388
10.495645702475368,2.4016384984006978,2.927822548556388
10.453522498064702,2.4107828990067586,2.927822548556388
10.411399293654036,2.4199272996128194,2.927822548556388
10.36927608924337,2.4290717002188806,2.927822548556388
10.327152884832703,2.4382161008249414,2.927822548556388
10.285029680422037,2.4473605014310023,2.927822548556388
10.24290647601137,2.4565049020370635,2.927822548556388
10.200783271600704,2.4656493026431243,2.927822548556388
10.158660067190038,2.4747937032491856,2.927822548556388
10.116536862779371,2.4839381038552464,2.927822548556388
10.074413658368705,2.493082504461307,2.927822548556388
10.032290453958039,2.5022269050673684,2.927822548556388
9.990167249547373,2.5113713056734293,2.927822548556388
9.948044045136706,2.52051570627949,2.927822548556388
9.90592084072604,2.5296601068855513,2.927822548556388
9.863797636315374,2.538804507491612,2.927822548556388
9.821674431904707,2.5479489080976734,2.927822548556388
9.779551227494041,2.557093308703734,2.927822548556388
9.737428023083375,2.566237709309795,2.927822548556388
9.695304818672708,2.5753821099158563,2.927822548556388
9.653181614262042,2.584526510521917,2.927822548556388
9.611058409851376,2.593670911127978,2.927822548556388
9.56893520544071,2.602815311734039,2.927822548556388
9.526812001030043,2.6119597123401,2.927822548556388
9.484688796619377,2.6211041129461607,2.927822548556388
9.44256559220871,2.630248513552222,2.927822548556388
9.400442387798044,2.639392914158283,2.927822548556388
9.358319183387378,2.6485373147643436,2.927822548556388
9.316195978976712,2.657681715370405,2.927822548556388
9.274072774566045,2.6668261159764657,2.927822548556388
9.231949570155379,2.675970516582527,2.927822548556388
9.189826365744713,2.6851149171885877,2.927822548556388
9.147703161334046,2.6942593177946486,2.927822548556388
9.105579956923382,2.70340371840071,2.927822548556388
9.063456752512714,2.7125481190067706,2.927822548556388
9.021333548102048,2.721692519612832,2.927822548556388
8.979210343691381,2.7308369202188927,2.927822548556388
8.937087139280715,2.7399813208249535,2.927822548556388
8.894963934870049,2.7491257214310147,2.927822548556388
8.852840730459384,2.7582701220370756,2.927822548556388
8.810717526048716,2.7674145226431364,2.927822548556388
8.768594321638052,2.7765589232491976,2.927822548556388
8.726471117227383,2.7857033238552584,2.927822548556388
8.684347912816719,2.7948477244613192,2.927822548556388
8.64222470840605,2.8039921250673805,2.927822548556388
8.600101503995386,2.8131365256734413,2.927822548556388
8.557978299584718,2.822280926279502,2.927822548556388
8.515855095174054,2.8314253268855634,2.927822548556388
8.473731890763387,2.840569727491624,2.927822548556388
8.431608686352721,2.849714128097685,2.927822548556388
8.389485481942055,2.8588585287037462,2.927822548556388
8.347362277531388,2.868002929309807,2.927822548556388
8.305239073120722,2.8771473299158683,2.927822548556388
8.263115868710056,2.886291730521929,2.927822548556388
8.220992664299388,2.8954361311279904,2.927822548556388
8.178869459888723,2.904580531734051,2.927822548556388
8.136746255478055,2.913724932340112,2.927822548556388
8.09462305106739,2.9228693329461732,2.927822548556388
8.052499846656723,2.932013733552234,2.927822548556388
8.010376642246058,2.941158134158295,2.927822548556388
7.968253437835392,2.950302534764356,2.927822548556388
7.9261302334247254,2.959446935370417,2.927822548556388
7.884007029014059,2.9685913359764777,2.927822548556388
7.841883824603393,2.977735736582539,2.927822548556388
7.7997606201927265,2.9868801371886,2.927822548556388
7.75763741578206,2.9960245377946606,2.927822548556388
7.715514211371394,3.005168938400722,2.927822548556388
7.673391006960728,3.0143133390067827,2.927822548556388
7.631267802550061,3.0234577396128435,2.927822548556388
7.589144598139395,3.0326021402189047,2.927822548556388
7.547021393728729,3.041746540824966,2.927822548556388
7.504898189318062,3.050890941431027,2.927822548556388
7.462774984907396,3.0600353420370876,2.927822548556388
7.42065178049673,3.0691797426431484,2.927822548556388
7.3785285760860635,3.0783241432492097,2.927822548556388
7.336405371675397,3.0874685438552705,2.927822548556388
7.294282167264731,3.0966129444613317,2.927822548556388
7.252158962854065,3.1057573450673925,2.927822548556388
7.210035758443398,3.1149017456734533,2.927822548556388
7.167912554032732,3.1240461462795146,2.927822548556388
7.125789349622066,3.1331905468855754,2.927822548556388
7.083666145211399,3.142334947491636,2.927822548556388
7.041542940800733,3.1514793480976975,2.927822548556388
6.999419736390067,3.1606237487037583,2.927822548556388
6.9572965319794005,3.169768149309819,2.927822548556388
6.915173327568734,3.1789125499158803,2.927822548556388
6.873050123158068,3.188056950521941,2.927822548556388
6.8309269187474015,3.197201351128002,2.927822548556388
6.788803714336735,3.206345751734063,2.927822548556388
6.746680509926069,3.215490152340124,2.927822548556388
6.704557305515403,3.224634552946185,2.927822548556388
6.662434101104736,3.233778953552246,2.927822548556388
