x,y,heading
8.76955795288086,2.540536880493164,0.0
8.75744369242451,2.541818543235854,3.0361869092618843
8.74532943196816,2.543100205978545,3.0361869092618843
8.73321517151181,2.544381868721235,3.0361869092618843
8.72110091105546,2.545663531463925,3.0361869092618843
8.708986650599112,2.5469451942066157,3.0361869092618843
8.696872390142762,2.548226856949306,3.0361869092618843
8.684758129686411,2.549508519691996,3.0361869092618843
8.672643869230063,2.550790182434686,3.0361869092618843
8.660529608773713,2.5520718451773767,3.0361869092618843
8.648415348317364,2.553353507920067,3.0361869092618843
8.636301087861014,2.554635170662757,3.0361869092618843
8.624186827404664,2.5559168334054476,3.0361869092618843
8.612072566948315,2.5571984961481378,3.0361869092618843
8.599958306491965,2.558480158890828,3.0361869092618843
8.587844046035615,2.5597618216335185,3.0361869092618843
8.575729785579266,2.5610434843762087,3.0361869092618843
8.563615525122916,2.562325147118899,3.0361869092618843
8.551501264666566,2.5636068098615894,3.0361869092618843
8.539387004210218,2.5648884726042795,3.0361869092618843
8.527272743753867,2.5661701353469697,3.0361869092618843
8.515158483297519,2.56745179808966,3.0361869092618843
8.503044222841169,2.5687334608323504,3.0361869092618843
8.490929962384818,2.5700151235750406,3.0361869092618843
8.47881570192847,2.5712967863177307,3.0361869092618843
8.46670144147212,2.5725784490604213,3.0361869092618843
8.45458718101577,2.5738601118031115,3.0361869092618843
8.442472920559421,2.5751417745458016,3.0361869092618843
8.430358660103071,2.576423437288492,3.0361869092618843
8.41824439964672,2.5777051000311824,3.0361869092618843
8.406130139190372,2.5789867627738725,3.0361869092618843
8.394015878734022,2.580268425516563,3.0361869092618843
8.381901618277672,2.5815500882592533,3.0361869092618843
8.369787357821323,2.5828317510019434,3.0361869092618843
8.357673097364973,2.5841134137446335,3.0361869092618843
8.345558836908623,2.585395076487324,3.0361869092618843
8.333444576452274,2.5866767392300143,3.0361869092618843
8.321330315995924,2.5879584019727044,3.0361869092618843
8.309216055539576,2.589240064715395,3.0361869092618843
8.297101795083226,2.590521727458085,3.0361869092618843
8.284987534626875,2.5918033902007753,3.0361869092618843
8.272873274170527,2.593085052943466,3.0361869092618843
8.260759013714177,2.594366715686156,3.0361869092618843
8.248644753257826,2.595648378428846,3.0361869092618843
8.236530492801478,2.596930041171537,3.0361869092618843
8.224416232345128,2.598211703914227,3.0361869092618843
8.212301971888778,2.599493366656917,3.0361869092618843
8.200187711432429,2.6007750293996073,3.0361869092618843
8.188073450976079,2.602056692142298,3.0361869092618843
8.17595919051973,2.603338354884988,3.0361869092618843
8.16384493006338,2.604620017627678,3.0361869092618843
8.15173066960703,2.6059016803703687,3.0361869092618843
8.13961640915068,2.607183343113059,3.0361869092618843
8.127502148694331,2.608465005855749,3.0361869092618843
8.115387888237981,2.6097466685984396,3.0361869092618843
8.103273627781633,2.6110283313411298,3.0361869092618843
8.091159367325282,2.61230999408382,3.0361869092618843
8.079045106868932,2.61359165682651,3.0361869092618843
8.066930846412584,2.6148733195692007,3.0361869092618843
8.054816585956234,2.616154982311891,3.0361869092618843
8.042702325499883,2.617436645054581,3.0361869092618843
8.030588065043535,2.6187183077972715,3.0361869092618843
8.018473804587185,2.6199999705399617,3.0361869092618843
8.006359544130834,2.621281633282652,3.0361869092618843
7.994245283674486,2.6225632960253424,3.0361869092618843
7.982131023218136,2.6238449587680326,3.0361869092618843
7.970016762761786,2.6251266215107227,3.0361869092618843
7.957902502305437,2.6264082842534133,3.0361869092618843
7.945788241849087,2.6276899469961035,3.0361869092618843
7.9336739813927375,2.6289716097387936,3.0361869092618843
7.921559720936388,2.6302532724814838,3.0361869092618843
7.909445460480039,2.6315349352241744,3.0361869092618843
7.897331200023689,2.6328165979668645,3.0361869092618843
7.885216939567339,2.6340982607095547,3.0361869092618843
7.87310267911099,2.6353799234522453,3.0361869092618843
7.860988418654641,2.6366615861949354,3.0361869092618843
7.84887415819829,2.6379432489376256,3.0361869092618843
7.836759897741941,2.639224911680316,3.0361869092618843
7.824645637285592,2.6405065744230063,3.0361869092618843
7.8125313768292415,2.6417882371656964,3.0361869092618843
7.800417116372892,2.643069899908387,3.0361869092618843
7.788302855916543,2.644351562651077,3.0361869092618843
7.776188595460193,2.6456332253937673,3.0361869092618843
7.764074335003843,2.6469148881364575,3.0361869092618843
7.751960074547494,2.648196550879148,3.0361869092618843
7.739845814091145,2.649478213621838,3.0361869092618843
7.727731553634794,2.6507598763645284,3.0361869092618843
7.715617293178445,2.652041539107219,3.0361869092618843
7.703503032722096,2.653323201849909,3.0361869092618843
7.691388772265746,2.6546048645925993,3.0361869092618843
7.679274511809396,2.65588652733529,3.0361869092618843
7.667160251353047,2.65716819007798,3.0361869092618843
7.6550459908966975,2.65844985282067,3.0361869092618843
7.642931730440347,2.6597315155633607,3.0361869092618843
7.630817469983998,2.661013178306051,3.0361869092618843
7.618703209527649,2.662294841048741,3.0361869092618843
7.606588949071298,2.663576503791431,3.0361869092618843
7.594474688614949,2.6648581665341218,3.0361869092618843
7.5823604281586,2.666139829276812,3.0361869092618843
7.5702461677022495,2.667421492019502,3.0361869092618843
7.5581319072459,2.6687031547621927,3.0361869092618843
7.546017646789551,2.669984817504883,3.0361869092618843
7.529937720534825,2.671286894543336,3.0607936340410244
7.513857794280099,2.6725889715817894,3.0607936340410244
7.4977778680253735,2.6738910486202427,3.0607936340410244
7.481697941770648,2.675193125658696,3.0607936340410244
7.465618015515922,2.67649520269715,3.0607936340410244
7.449538089261196,2.677797279735603,3.0607936340410244
7.433458163006471,2.6790993567740564,3.0607936340410244
7.417378236751746,2.6804014338125097,3.0607936340410244
7.40129831049702,2.681703510850963,3.0607936340410244
7.385218384242294,2.6830055878894163,3.0607936340410244
7.369138457987568,2.6843076649278697,3.0607936340410244
7.3530585317328425,2.685609741966323,3.0607936340410244
7.336978605478117,2.6869118190047763,3.0607936340410244
7.320898679223391,2.68821389604323,3.0607936340410244
7.304818752968665,2.6895159730816833,3.0607936340410244
7.2887388267139395,2.6908180501201366,3.0607936340410244
7.272658900459214,2.69212012715859,3.0607936340410244
7.256578974204488,2.6934222041970433,3.0607936340410244
7.240499047949763,2.6947242812354966,3.0607936340410244
7.224419121695037,2.69602635827395,3.0607936340410244
7.2083391954403115,2.697328435312403,3.0607936340410244
7.192259269185586,2.6986305123508565,3.0607936340410244
7.17617934293086,2.6999325893893102,3.0607936340410244
7.160099416676134,2.7012346664277636,3.0607936340410244
7.1440194904214085,2.702536743466217,3.0607936340410244
7.127939564166683,2.70383882050467,3.0607936340410244
7.111859637911957,2.7051408975431235,3.0607936340410244
7.095779711657231,2.706442974581577,3.0607936340410244
7.079699785402505,2.70774505162003,3.0607936340410244
7.06361985914778,2.7090471286584834,3.0607936340410244
7.047539932893054,2.7103492056969367,3.0607936340410244
7.031460006638328,2.71165128273539,3.0607936340410244
7.015380080383603,2.7129533597738438,3.0607936340410244
6.9993001541288775,2.714255436812297,3.0607936340410244
6.983220227874152,2.7155575138507504,3.0607936340410244
6.967140301619426,2.7168595908892037,3.0607936340410244
6.9510603753647,2.718161667927657,3.0607936340410244
6.9349804491099745,2.7194637449661103,3.0607936340410244
6.918900522855249,2.7207658220045636,3.0607936340410244
6.902820596600523,2.722067899043017,3.0607936340410244
6.886740670345797,2.7233699760814702,3.0607936340410244
6.870660744091071,2.724672053119924,3.0607936340410244
6.854580817836346,2.7259741301583773,3.0607936340410244
6.838500891581621,2.7272762071968306,3.0607936340410244
6.822420965326895,2.728578284235284,3.0607936340410244
6.806341039072169,2.7298803612737372,3.0607936340410244
6.7902611128174435,2.7311824383121905,3.0607936340410244
6.774181186562718,2.732484515350644,3.0607936340410244
6.758101260307992,2.733786592389097,3.0607936340410244
6.742021334053266,2.7350886694275505,3.0607936340410244
6.72594140779854,2.736390746466004,3.0607936340410244
6.709861481543815,2.7376928235044575,3.0607936340410244
6.693781555289089,2.738994900542911,3.0607936340410244
6.677701629034363,2.740296977581364,3.0607936340410244
6.661621702779637,2.7415990546198175,3.0607936340410244
6.645541776524912,2.7429011316582708,3.0607936340410244
6.629461850270187,2.744203208696724,3.0607936340410244
6.613381924015461,2.7455052857351774,3.0607936340410244
6.597301997760735,2.7468073627736307,3.0607936340410244
6.5812220715060095,2.7481094398120844,3.0607936340410244
6.565142145251284,2.7494115168505378,3.0607936340410244
6.549062218996558,2.750713593888991,3.0607936340410244
6.532982292741832,2.7520156709274444,3.0607936340410244
6.516902366487106,2.7533177479658977,3.0607936340410244
6.500822440232381,2.754619825004351,3.0607936340410244
6.484742513977655,2.7559219020428043,3.0607936340410244
6.468662587722929,2.7572239790812576,3.0607936340410244
6.452582661468203,2.758526056119711,3.0607936340410244
6.436502735213478,2.7598281331581647,3.0607936340410244
6.420422808958753,2.761130210196618,3.0607936340410244
6.404342882704027,2.7624322872350713,3.0607936340410244
6.388262956449301,2.7637343642735246,3.0607936340410244
6.372183030194575,2.765036441311978,3.0607936340410244
6.35610310393985,2.766338518350431,3.0607936340410244
6.340023177685124,2.7676405953888845,3.0607936340410244
6.323943251430398,2.768942672427338,3.0607936340410244
6.307863325175672,2.770244749465791,3.0607936340410244
6.291783398920947,2.7715468265042444,3.0607936340410244
6.275703472666221,2.772848903542698,3.0607936340410244
6.259623546411495,2.7741509805811515,3.0607936340410244
6.243543620156769,2.775453057619605,3.0607936340410244
6.227463693902044,2.776755134658058,3.0607936340410244
6.211383767647319,2.7780572116965114,3.0607936340410244
6.195303841392593,2.7793592887349647,3.0607936340410244
6.179223915137867,2.780661365773418,3.0607936340410244
6.163143988883141,2.7819634428118714,3.0607936340410244
6.147064062628416,2.7832655198503247,3.0607936340410244
6.13098413637369,2.7845675968887784,3.0607936340410244
6.114904210118964,2.7858696739272317,3.0607936340410244
6.098824283864238,2.787171750965685,3.0607936340410244
6.082744357609513,2.7884738280041383,3.0607936340410244
6.066664431354787,2.7897759050425917,3.0607936340410244
6.050584505100061,2.791077982081045,3.0607936340410244
6.034504578845335,2.7923800591194983,3.0607936340410244
6.01842465259061,2.7936821361579516,3.0607936340410244
6.002344726335885,2.794984213196405,3.0607936340410244
5.986264800081159,2.7962862902348586,3.0607936340410244
5.970184873826433,2.797588367273312,3.0607936340410244
5.954104947571707,2.7988904443117653,3.0607936340410244
5.938025021316982,2.8001925213502186,3.0607936340410244
5.921945095062256,2.801494598388672,3.0607936340410244
5.9072833344487865,2.802778362047554,3.0542567573473742
5.892621573835316,2.8040621257064364,3.0542567573473742
5.877959813221847,2.805345889365319,3.0542567573473742
5.863298052608377,2.8066296530242014,3.0542567573473742
5.848636291994907,2.8079134166830837,3.0542567573473742
5.833974531381437,2.809197180341966,3.0542567573473742
5.819312770767968,2.8104809440008482,3.0542567573473742
5.8046510101544975,2.811764707659731,3.0542567573473742
5.789989249541028,2.8130484713186132,3.0542567573473742
5.775327488927558,2.8143322349774955,3.0542567573473742
5.7606657283140885,2.815615998636378,3.0542567573473742
5.746003967700618,2.81689976229526,3.0542567573473742
5.731342207087149,2.818183525954143,3.0542567573473742
5.716680446473679,2.819467289613025,3.0542567573473742
5.702018685860209,2.8207510532719073,3.0542567573473742
5.687356925246739,2.8220348169307896,3.0542567573473742
5.67269516463327,2.8233185805896723,3.0542567573473742
5.6580334040197995,2.8246023442485546,3.0542567573473742
5.64337164340633,2.825886107907437,3.0542567573473742
5.62870988279286,2.827169871566319,3.0542567573473742
5.6140481221793905,2.8284536352252014,3.0542567573473742
5.59938636156592,2.829737398884084,3.0542567573473742
5.584724600952451,2.8310211625429664,3.0542567573473742
5.570062840338981,2.8323049262018487,3.0542567573473742
5.555401079725511,2.833588689860731,3.0542567573473742
5.540739319112041,2.8348724535196133,3.0542567573473742
5.526077558498572,2.836156217178496,3.0542567573473742
5.5114157978851015,2.8374399808373783,3.0542567573473742
5.496754037271632,2.8387237444962605,3.0542567573473742
5.482092276658162,2.840007508155143,3.0542567573473742
5.4674305160446925,2.841291271814025,3.0542567573473742
5.452768755431222,2.842575035472908,3.0542567573473742
5.438106994817753,2.84385879913179,3.0542567573473742
5.423445234204283,2.8451425627906723,3.0542567573473742
5.408783473590813,2.8464263264495546,3.0542567573473742
5.394121712977343,2.847710090108437,3.0542567573473742
5.379459952363874,2.8489938537673196,3.0542567573473742
5.3647981917504035,2.850277617426202,3.0542567573473742
5.350136431136934,2.851561381085084,3.0542567573473742
5.335474670523464,2.8528451447439664,3.0542567573473742
5.320812909909995,2.854128908402849,3.0542567573473742
5.306151149296524,2.8554126720617314,3.0542567573473742
5.291489388683055,2.8566964357206137,3.0542567573473742
5.276827628069585,2.857980199379496,3.0542567573473742
5.262165867456115,2.8592639630383783,3.0542567573473742
5.247504106842645,2.860547726697261,3.0542567573473742
5.232842346229176,2.8618314903561433,3.0542567573473742
5.2181805856157055,2.8631152540150255,3.0542567573473742
5.203518825002236,2.864399017673908,3.0542567573473742
5.188857064388766,2.86568278133279,3.0542567573473742
5.174195303775297,2.866966544991673,3.0542567573473742
5.159533543161826,2.868250308650555,3.0542567573473742
5.144871782548357,2.8695340723094374,3.0542567573473742
5.130210021934887,2.8708178359683196,3.0542567573473742
5.115548261321417,2.872101599627202,3.0542567573473742
5.100886500707947,2.8733853632860846,3.0542567573473742
5.086224740094478,2.874669126944967,3.0542567573473742
5.0715629794810075,2.875952890603849,3.0542567573473742
5.056901218867538,2.8772366542627315,3.0542567573473742
5.042239458254068,2.8785204179216137,3.0542567573473742
5.027577697640599,2.8798041815804964,3.0542567573473742
5.012915937027128,2.8810879452393787,3.0542567573473742
4.998254176413659,2.882371708898261,3.0542567573473742
4.983592415800189,2.8836554725571433,3.0542567573473742
4.968930655186719,2.884939236216026,3.0542567573473742
4.954268894573249,2.8862229998749083,3.0542567573473742
4.93960713395978,2.8875067635337905,3.0542567573473742
4.9249453733463096,2.888790527192673,3.0542567573473742
4.91028361273284,2.890074290851555,3.0542567573473742
4.895621852119371,2.891358054510438,3.0542567573473742
4.880960091505901,2.89264181816932,3.0542567573473742
4.86629833089243,2.8939255818282024,3.0542567573473742
4.851636570278961,2.8952093454870846,3.0542567573473742
4.836974809665492,2.896493109145967,3.0542567573473742
4.822313049052021,2.8977768728048496,3.0542567573473742
4.807651288438551,2.899060636463732,3.0542567573473742
4.792989527825082,2.900344400122614,3.0542567573473742
4.778327767211612,2.9016281637814965,3.0542567573473742
4.763666006598142,2.9029119274403787,3.0542567573473742
4.749004245984672,2.9041956910992615,3.0542567573473742
4.734342485371203,2.9054794547581437,3.0542567573473742
4.719680724757732,2.906763218417026,3.0542567573473742
4.705018964144263,2.9080469820759083,3.0542567573473742
4.690357203530793,2.9093307457347906,3.0542567573473742
4.675695442917323,2.9106145093936733,3.0542567573473742
4.661033682303854,2.9118982730525556,3.0542567573473742
4.646371921690384,2.913182036711438,3.0542567573473742
4.631710161076914,2.91446580037032,3.0542567573473742
4.617048400463444,2.915749564029203,3.0542567573473742
4.602386639849975,2.917033327688085,3.0542567573473742
4.587724879236505,2.9183170913469674,3.0542567573473742
4.573063118623034,2.9196008550058496,3.0542567573473742
4.558401358009565,2.920884618664732,3.0542567573473742
4.543739597396096,2.9221683823236146,3.0542567573473742
4.529077836782625,2.923452145982497,3.0542567573473742
4.514416076169155,2.924735909641379,3.0542567573473742
4.499754315555686,2.9260196733002615,3.0542567573473742
4.4850925549422165,2.9273034369591437,3.0542567573473742
4.470430794328746,2.9285872006180265,3.0542567573473742
4.455769033715276,2.9298709642769087,3.0542567573473742
4.441107273101807,2.931154727935791,3.0542567573473742
4.421242520360663,2.9330146784829623,3.0482341421921912
4.40137776761952,2.934874629030133,3.0482341421921912
4.381513014878377,2.9367345795773043,3.0482341421921912
4.3616482621372334,2.9385945301244756,3.0482341421921912
4.34178350939609,2.9404544806716464,3.0482341421921912
4.321918756654947,2.9423144312188176,3.0482341421921912
4.3020540039138035,2.944174381765989,3.0482341421921912
4.28218925117266,2.9460343323131597,3.0482341421921912
4.262324498431517,2.947894282860331,3.0482341421921912
4.242459745690374,2.949754233407502,3.0482341421921912
4.222594992949231,2.9516141839546735,3.0482341421921912
4.202730240208088,2.9534741345018443,3.0482341421921912
4.182865487466945,2.9553340850490155,3.0482341421921912
4.163000734725801,2.9571940355961868,3.0482341421921912
4.143135981984658,2.9590539861433576,3.0482341421921912
4.123271229243515,2.960913936690529,3.0482341421921912
4.1034064765023714,2.9627738872377,3.0482341421921912
4.083541723761228,2.964633837784871,3.0482341421921912
4.063676971020085,2.966493788332042,3.0482341421921912
4.0438122182789416,2.9683537388792134,3.0482341421921912
4.023947465537798,2.970213689426384,3.0482341421921912
4.004082712796655,2.9720736399735554,3.0482341421921912
3.9842179600555117,2.9739335905207267,3.0482341421921912
3.9643532073143684,2.9757935410678975,3.0482341421921912
3.944488454573225,2.9776534916150688,3.0482341421921912
3.9246237018320818,2.97951344216224,3.0482341421921912
3.9047589490909385,2.981373392709411,3.0482341421921912
3.8848941963497956,2.983233343256582,3.0482341421921912
3.8650294436086523,2.9850932938037533,3.0482341421921912
3.845164690867509,2.986953244350924,3.0482341421921912
3.8252999381263657,2.9888131948980954,3.0482341421921912
3.8054351853852224,2.9906731454452666,3.0482341421921912
3.785570432644079,2.992533095992438,3.0482341421921912
3.765705679902936,2.9943930465396087,3.0482341421921912
3.745840927161793,2.99625299708678,3.0482341421921912
3.7259761744206497,2.998112947633951,3.0482341421921912
3.7061114216795064,2.999972898181122,3.0482341421921912
3.686246668938363,3.0018328487282933,3.0482341421921912
3.6663819161972198,3.0036927992754645,3.0482341421921912
3.6465171634560765,3.0055527498226353,3.0482341421921912
3.626652410714933,3.0074127003698066,3.0482341421921912
3.60678765797379,3.009272650916978,3.0482341421921912
3.5869229052326466,3.0111326014641486,3.0482341421921912
3.5670581524915033,3.01299255201132,3.0482341421921912
3.54719339975036,3.014852502558491,3.0482341421921912
3.5273286470092167,3.016712453105662,3.0482341421921912
3.5074638942680734,3.018572403652833,3.0482341421921912
3.4875991415269305,3.0204323542000044,3.0482341421921912
3.467734388785787,3.0222923047471753,3.0482341421921912
3.447869636044644,3.0241522552943465,3.0482341421921912
3.4280048833035006,3.0260122058415178,3.0482341421921912
3.4081401305623573,3.027872156388689,3.0482341421921912
3.388275377821214,3.02973210693586,3.0482341421921912
3.3684106250800707,3.031592057483031,3.0482341421921912
3.348545872338928,3.0334520080302023,3.0482341421921912
3.3286811195977846,3.035311958577373,3.0482341421921912
3.3088163668566413,3.0371719091245444,3.0482341421921912
3.288951614115498,3.0390318596717156,3.0482341421921912
3.2690868613743547,3.0408918102188864,3.0482341421921912
3.2492221086332114,3.0427517607660577,3.0482341421921912
3.229357355892068,3.044611711313229,3.0482341421921912
3.2094926031509248,3.0464716618603997,3.0482341421921912
3.1896278504097815,3.048331612407571,3.0482341421921912
3.169763097668638,3.0501915629547423,3.0482341421921912
3.149898344927495,3.052051513501913,3.0482341421921912
3.1300335921863516,3.0539114640490843,3.0482341421921912
3.1101688394452083,3.0557714145962556,3.0482341421921912
3.090304086704065,3.0576313651434264,3.0482341421921912
3.0704393339629217,3.0594913156905976,3.0482341421921912
3.050574581221779,3.061351266237769,3.0482341421921912
3.0307098284806355,3.06321121678494,3.0482341421921912
3.0108450757394927,3.065071167332111,3.0482341421921912
2.9909803229983494,3.066931117879282,3.0482341421921912
2.971115570257206,3.0687910684264534,3.0482341421921912
2.9512508175160628,3.0706510189736242,3.0482341421921912
2.9313860647749195,3.0725109695207955,3.0482341421921912
2.911521312033776,3.0743709200679668,3.0482341421921912
2.891656559292633,3.0762308706151376,3.0482341421921912
2.8717918065514896,3.078090821162309,3.0482341421921912
2.8519270538103463,3.07995077170948,3.0482341421921912
2.832062301069203,3.081810722256651,3.0482341421921912
2.8121975483280597,3.083670672803822,3.0482341421921912
2.7923327955869164,3.0855306233509934,3.0482341421921912
2.772468042845773,3.087390573898164,3.0482341421921912
2.75260329010463,3.0892505244453354,3.0482341421921912
2.7327385373634865,3.0911104749925067,3.0482341421921912
2.712873784622343,3.0929704255396775,3.0482341421921912
2.6930090318812,3.0948303760868487,3.0482341421921912
2.673144279140057,3.09669032663402,3.0482341421921912
2.6532795263989137,3.0985502771811912,3.0482341421921912
2.6334147736577704,3.100410227728362,3.0482341421921912
2.613550020916627,3.1022701782755333,3.0482341421921912
2.593685268175484,3.1041301288227046,3.0482341421921912
2.5738205154343405,3.1059900793698754,3.0482341421921912
2.5539557626931977,3.1078500299170466,3.0482341421921912
2.5340910099520544,3.109709980464218,3.0482341421921912
2.514226257210911,3.1115699310113887,3.0482341421921912
2.494361504469768,3.11342988155856,3.0482341421921912
2.4744967517286245,3.115289832105731,3.0482341421921912
2.454631998987481,3.117149782652902,3.0482341421921912
2.434767246246338,3.1190097332000732,3.0482341421921912
2.4124417381711525,3.1216230628514055,3.0250671606065036
2.390116230095967,3.1242363925027377,3.0250671606065036
2.3677907220207817,3.12684972215407,3.0250671606065036
2.3454652139455967,3.1294630518054016,3.0250671606065036
2.3231397058704113,3.132076381456734,3.0250671606065036
2.300814197795226,3.134689711108066,3.0250671606065036
2.2784886897200405,3.1373030407593983,3.0250671606065036
2.256163181644855,3.1399163704107305,3.0250671606065036
2.2338376735696697,3.1425297000620627,3.0250671606065036
2.2115121654944843,3.1451430297133944,3.0250671606065036
2.1891866574192993,3.1477563593647266,3.0250671606065036
2.166861149344114,3.150369689016059,3.0250671606065036
2.1445356412689285,3.152983018667391,3.0250671606065036
2.122210133193743,3.1555963483187233,3.0250671606065036
2.0998846251185577,3.1582096779700555,3.0250671606065036
2.0775591170433723,3.1608230076213872,3.0250671606065036
2.0552336089681873,3.1634363372727194,3.0250671606065036
2.032908100893002,3.1660496669240517,3.0250671606065036
2.0105825928178165,3.168662996575384,3.0250671606065036
1.988257084742631,3.171276326226716,3.0250671606065036
1.9659315766674457,3.1738896558780483,3.0250671606065036
1.9436060685922603,3.1765029855293805,3.0250671606065036
1.921280560517075,3.1791163151807122,3.0250671606065036
1.8989550524418897,3.1817296448320445,3.0250671606065036
1.8766295443667045,3.1843429744833767,3.0250671606065036
1.854304036291519,3.186956304134709,3.0250671606065036
1.8319785282163337,3.189569633786041,3.0250671606065036
1.8096530201411483,3.1921829634373733,3.0250671606065036
1.787327512065963,3.194796293088705,3.0250671606065036
1.7650020039907777,3.1974096227400373,3.0250671606065036
1.7426764959155925,3.2000229523913695,3.0250671606065036
1.720350987840407,3.2026362820427017,3.0250671606065036
1.6980254797652217,3.205249611694034,3.0250671606065036
1.6756999716900363,3.207862941345366,3.0250671606065036
1.6533744636148509,3.210476270996698,3.0250671606065036
1.6310489555396657,3.21308960064803,3.0250671606065036
1.6087234474644803,3.2157029302993623,3.0250671606065036
1.586397939389295,3.2183162599506945,3.0250671606065036
1.5640724313141097,3.2209295896020267,3.0250671606065036
1.5417469232389243,3.223542919253359,3.0250671606065036
1.5194214151637389,3.226156248904691,3.0250671606065036
1.4970959070885534,3.228769578556023,3.0250671606065036
1.4747703990133683,3.231382908207355,3.0250671606065036
1.4524448909381829,3.2339962378586873,3.0250671606065036
1.4301193828629974,3.2366095675100195,3.0250671606065036
1.4077938747878123,3.2392228971613517,3.0250671606065036
1.3854683667126269,3.241836226812684,3.0250671606065036
1.3631428586374414,3.2444495564640157,3.0250671606065036
1.3408173505622563,3.247062886115348,3.0250671606065036
1.3184918424870709,3.24967621576668,3.0250671606065036
1.2961663344118854,3.2522895454180123,3.0250671606065036
1.2738408263367,3.2549028750693445,3.0250671606065036
1.2515153182615149,3.2575162047206767,3.0250671606065036
1.2291898101863294,3.2601295343720085,3.0250671606065036
1.206864302111144,3.2627428640233407,3.0250671606065036
1.1845387940359586,3.265356193674673,3.0250671606065036
1.1622132859607734,3.267969523326005,3.0250671606065036
1.1398877778855883,3.2705828529773373,3.0250671606065036
1.1175622698104029,3.2731961826286695,3.0250671606065036
1.0952367617352174,3.2758095122800013,3.0250671606065036
1.072911253660032,3.2784228419313335,3.0250671606065036
1.0505857455848469,3.2810361715826657,3.0250671606065036
1.0282602375096614,3.283649501233998,3.0250671606065036
1.005934729434476,3.28626283088533,3.0250671606065036
0.9836092213592906,3.2888761605366623,3.0250671606065036
0.9612837132841052,3.2914894901879945,3.0250671606065036
0.93895820520892,3.2941028198393263,3.0250671606065036
0.9166326971337346,3.2967161494906585,3.0250671606065036
0.8943071890585492,3.2993294791419907,3.0250671606065036
0.871981680983364,3.301942808793323,3.0250671606065036
0.8496561729081789,3.304556138444655,3.0250671606065036
0.8273306648329934,3.3071694680959873,3.0250671606065036
0.805005156757808,3.309782797747319,3.0250671606065036
0.7826796486826226,3.3123961273986513,3.0250671606065036
0.7603541406074372,3.3150094570499835,3.0250671606065036
0.738028632532252,3.3176227867013157,3.0250671606065036
0.7157031244570666,3.320236116352648,3.0250671606065036
0.6933776163818812,3.32284944600398,3.0250671606065036
0.6710521083066958,3.3254627756553123,3.0250671606065036
0.6487266002315104,3.328076105306644,3.0250671606065036
0.6264010921563252,3.3306894349579763,3.0250671606065036
0.6040755840811398,3.3333027646093085,3.0250671606065036
0.5817500760059546,3.3359160942606407,3.0250671606065036
0.5594245679307692,3.338529423911973,3.0250671606065036
0.537099059855584,3.3411427535633047,3.0250671606065036
0.5147735517803986,3.343756083214637,3.0250671606065036
0.4924480437052132,3.346369412865969,3.0250671606065036
0.4701225356300278,3.3489827425173013,3.0250671606065036
0.4477970275548424,3.3515960721686335,3.0250671606065036
0.425471519479657,3.3542094018199657,3.0250671606065036
0.4031460114044716,3.356822731471298,3.0250671606065036
0.38082050332928663,3.3594360611226297,3.0250671606065036
0.3584949952541012,3.362049390773962,3.0250671606065036
0.3361694871789158,3.364662720425294,3.0250671606065036
0.3138439791037304,3.3672760500766263,3.0250671606065036
0.291518471028545,3.3698893797279585,3.0250671606065036
0.26919296295336004,3.3725027093792908,3.0250671606065036
0.24686745487817463,3.3751160390306225,3.0250671606065036
0.22454194680298922,3.3777293686819547,3.0250671606065036
0.20221643872780382,3.380342698333287,3.0250671606065036
0.1798909306526184,3.382956027984619,3.0250671606065036
0.15607217042753013,3.385180166452238,3.048485048866836
0.13225341020244183,3.3874043049198566,3.048485048866836
0.10843464997735354,3.3896284433874753,3.048485048866836
0.08461588975226525,3.391852581855094,3.048485048866836
0.06079712952717696,3.3940767203227127,3.048485048866836
0.03697836930208867,3.3963008587903314,3.048485048866836
0.013159609077000367,3.39852499725795,3.048485048866836
-0.010659151148087909,3.400749135725569,3.048485048866836
-0.034477911373176184,3.402973274193188,3.048485048866836
-0.05829667159826449,3.4051974126608067,3.048485048866836
-0.08211543182335279,3.4074215511284254,3.048485048866836
-0.10593419204844107,3.409645689596044,3.048485048866836
-0.12975295227352934,3.411869828063663,3.048485048866836
-0.15357171249861767,3.4140939665312815,3.048485048866836
-0.1773904727237059,3.4163181049989,3.048485048866836
-0.20120923294879423,3.418542243466519,3.048485048866836
-0.22502799317388256,3.4207663819341376,3.048485048866836
-0.24884675339897078,3.4229905204017563,3.048485048866836
-0.2726655136240591,3.425214658869375,3.048485048866836
-0.2964842738491474,3.4274387973369937,3.048485048866836
-0.32030303407423566,3.4296629358046125,3.048485048866836
-0.344121794299324,3.431887074272231,3.048485048866836
-0.3679405545244123,3.43411121273985,3.048485048866836
-0.39175931474950054,3.4363353512074686,3.048485048866836
-0.4155780749745889,3.4385594896750873,3.048485048866836
-0.4393968351996771,3.4407836281427064,3.048485048866836
-0.4632155954247654,3.443007766610325,3.048485048866836
-0.48703435564985376,3.445231905077944,3.048485048866836
-0.510853115874942,3.4474560435455626,3.048485048866836
-0.5346718761000302,3.4496801820131813,3.048485048866836
-0.5584906363251185,3.4519043204808,3.048485048866836
-0.5823093965502069,3.4541284589484187,3.048485048866836
-0.6061281567752952,3.4563525974160374,3.048485048866836
-0.6299469170003835,3.458576735883656,3.048485048866836
-0.6537656772254716,3.460800874351275,3.048485048866836
-0.67758443745056,3.4630250128188935,3.048485048866836
-0.7014031976756483,3.4652491512865122,3.048485048866836
-0.7252219579007366,3.467473289754131,3.048485048866836
-0.749040718125825,3.4696974282217496,3.048485048866836
-0.7728594783509132,3.4719215666893684,3.048485048866836
-0.7966782385760015,3.474145705156987,3.048485048866836
-0.8204969988010897,3.4763698436246058,3.048485048866836
-0.8443157590261781,3.478593982092225,3.048485048866836
-0.8681345192512664,3.4808181205598436,3.048485048866836
-0.8919532794763547,3.4830422590274623,3.048485048866836
-0.915772039701443,3.485266397495081,3.048485048866836
-0.9395907999265312,3.4874905359626998,3.048485048866836
-0.9634095601516195,3.4897146744303185,3.048485048866836
-0.9872283203767078,3.491938812897937,3.048485048866836
-1.0110470806017962,3.494162951365556,3.048485048866836
-1.0348658408268843,3.4963870898331746,3.048485048866836
-1.0586846010519726,3.4986112283007933,3.048485048866836
-1.082503361277061,3.500835366768412,3.048485048866836
-1.1063221215021493,3.5030595052360307,3.048485048866836
-1.1301408817272376,3.5052836437036494,3.048485048866836
-1.153959641952326,3.507507782171268,3.048485048866836
-1.177778402177414,3.509731920638887,3.048485048866836
-1.2015971624025024,3.5119560591065055,3.048485048866836
-1.2254159226275907,3.5141801975741247,3.048485048866836
-1.2492346828526788,3.5164043360417434,3.048485048866836
-1.2730534430777671,3.518628474509362,3.048485048866836
-1.2968722033028555,3.520852612976981,3.048485048866836
-1.3206909635279438,3.5230767514445995,3.048485048866836
-1.3445097237530321,3.5253008899122182,3.048485048866836
-1.3683284839781205,3.527525028379837,3.048485048866836
-1.3921472442032088,3.5297491668474557,3.048485048866836
-1.4159660044282971,3.5319733053150744,3.048485048866836
-1.4397847646533855,3.534197443782693,3.048485048866836
-1.4636035248784738,3.536421582250312,3.048485048866836
-1.4874222851035617,3.5386457207179305,3.048485048866836
-1.51124104532865,3.540869859185549,3.048485048866836
-1.5350598055537383,3.543093997653168,3.048485048866836
-1.5588785657788267,3.5453181361207866,3.048485048866836
-1.582697326003915,3.5475422745884053,3.048485048866836
-1.6065160862290033,3.549766413056024,3.048485048866836
-1.6303348464540917,3.5519905515236427,3.048485048866836
-1.65415360667918,3.554214689991262,3.048485048866836
-1.6779723669042683,3.5564388284588806,3.048485048866836
-1.7017911271293564,3.5586629669264993,3.048485048866836
-1.7256098873544448,3.560887105394118,3.048485048866836
-1.749428647579533,3.5631112438617367,3.048485048866836
-1.7732474078046214,3.5653353823293554,3.048485048866836
-1.7970661680297095,3.567559520796974,3.048485048866836
-1.8208849282547979,3.569783659264593,3.048485048866836
-1.844703688479886,3.5720077977322116,3.048485048866836
-1.8685224487049745,3.5742319361998303,3.048485048866836
-1.8923412089300626,3.576456074667449,3.048485048866836
-1.9161599691551512,3.5786802131350677,3.048485048866836
-1.9399787293802393,3.5809043516026864,3.048485048866836
-1.9637974896053279,3.583128490070305,3.048485048866836
-1.987616249830416,3.585352628537924,3.048485048866836
-2.0114350100555045,3.587576767005543,3.048485048866836
-2.0352537702805926,3.5898009054731617,3.048485048866836
-2.0590725305056807,3.5920250439407804,3.048485048866836
-2.082891290730769,3.594249182408399,3.048485048866836
-2.1067100509558574,3.596473320876018,3.048485048866836
-2.1305288111809455,3.5986974593436365,3.048485048866836
-2.154347571406034,3.600921597811255,3.048485048866836
-2.178166331631122,3.603145736278874,3.048485048866836
-2.2019850918562107,3.6053698747464926,3.048485048866836
-2.225803852081299,3.6075940132141113,3.048485048866836
-2.251045312031661,3.6093543826943577,3.071964203583523
-2.276286771982023,3.611114752174604,3.071964203583523
-2.301528231932385,3.6128751216548505,3.071964203583523
-2.326769691882747,3.614635491135097,3.071964203583523
-2.3520111518331093,3.6163958606153432,3.071964203583523
-2.3772526117834714,3.6181562300955896,3.071964203583523
-2.4024940717338334,3.619916599575836,3.071964203583523
-2.4277355316841955,3.6216769690560824,3.071964203583523
-2.4529769916345576,3.6234373385363288,3.071964203583523
-2.4782184515849197,3.625197708016575,3.071964203583523
-2.503459911535282,3.6269580774968215,3.071964203583523
-2.528701371485644,3.628718446977068,3.071964203583523
-2.553942831436006,3.630478816457314,3.071964203583523
-2.579184291386368,3.6322391859375602,3.071964203583523
-2.60442575133673,3.6339995554178066,3.071964203583523
-2.6296672112870922,3.635759924898053,3.071964203583523
-2.6549086712374548,3.6375202943782994,3.071964203583523
-2.6801501311878164,3.6392806638585458,3.071964203583523
-2.705391591138179,3.641041033338792,3.071964203583523
-2.730633051088541,3.6428014028190385,3.071964203583523
-2.755874511038903,3.644561772299285,3.071964203583523
-2.781115970989265,3.6463221417795313,3.071964203583523
-2.8063574309396273,3.6480825112597777,3.071964203583523
-2.8315988908899894,3.649842880740024,3.071964203583523
-2.8568403508403515,3.6516032502202704,3.071964203583523
-2.8820818107907136,3.653363619700517,3.071964203583523
-2.9073232707410757,3.655123989180763,3.071964203583523
-2.9325647306914377,3.6568843586610096,3.071964203583523
-2.9578061906418,3.658644728141256,3.071964203583523
-2.983047650592162,3.6604050976215023,3.071964203583523
-3.008289110542524,3.6621654671017487,3.071964203583523
-3.033530570492886,3.663925836581995,3.071964203583523
-3.058772030443248,3.6656862060622415,3.071964203583523
-3.0840134903936103,3.667446575542488,3.071964203583523
-3.1092549503439724,3.6692069450227343,3.071964203583523
-3.1344964102943345,3.6709673145029806,3.071964203583523
-3.1597378702446965,3.672727683983227,3.071964203583523
-3.1849793301950586,3.674488053463473,3.071964203583523
-3.2102207901454207,3.6762484229437193,3.071964203583523
-3.2354622500957833,3.6780087924239657,3.071964203583523
-3.260703710046145,3.679769161904212,3.071964203583523
-3.285945169996507,3.6815295313844585,3.071964203583523
-3.311186629946869,3.683289900864705,3.071964203583523
-3.3364280898972316,3.6850502703449513,3.071964203583523
-3.3616695498475933,3.6868106398251976,3.071964203583523
-3.386911009797956,3.688571009305444,3.071964203583523
-3.4121524697483174,3.6903313787856904,3.071964203583523
-3.43739392969868,3.692091748265937,3.071964203583523
-3.4626353896490416,3.693852117746183,3.071964203583523
-3.487876849599404,3.6956124872264295,3.071964203583523
-3.513118309549766,3.697372856706676,3.071964203583523
-3.5383597695001283,3.6991332261869223,3.071964203583523
-3.56360122945049,3.7008935956671687,3.071964203583523
-3.5888426894008525,3.702653965147415,3.071964203583523
-3.6140841493512146,3.7044143346276615,3.071964203583523
-3.6393256093015767,3.706174704107908,3.071964203583523
-3.6645670692519383,3.707935073588154,3.071964203583523
-3.689808529202301,3.7096954430684006,3.071964203583523
-3.7150499891526625,3.711455812548647,3.071964203583523
-3.740291449103025,3.7132161820288934,3.071964203583523
-3.7655329090533867,3.7149765515091397,3.071964203583523
-3.790774369003749,3.716736920989386,3.071964203583523
-3.8160158289541113,3.7184972904696325,3.071964203583523
-3.8412572889044734,3.7202576599498784,3.071964203583523
-3.8664987488548355,3.722018029430125,3.071964203583523
-3.8917402088051976,3.723778398910371,3.071964203583523
-3.9169816687555596,3.7255387683906176,3.071964203583523
-3.9422231287059217,3.727299137870864,3.071964203583523
-3.9674645886562843,3.7290595073511104,3.071964203583523
-3.992706048606646,3.7308198768313567,3.071964203583523
-4.0179475085570076,3.732580246311603,3.071964203583523
-4.04318896850737,3.7343406157918495,3.071964203583523
-4.068430428457733,3.736100985272096,3.071964203583523
-4.093671888408094,3.7378613547523423,3.071964203583523
-4.118913348358456,3.7396217242325887,3.071964203583523
-4.144154808308818,3.741382093712835,3.071964203583523
-4.169396268259181,3.7431424631930814,3.071964203583523
-4.194637728209543,3.744902832673328,3.071964203583523
-4.219879188159905,3.746663202153574,3.071964203583523
-4.245120648110268,3.7484235716338206,3.071964203583523
-4.270362108060629,3.750183941114067,3.071964203583523
-4.295603568010991,3.7519443105943133,3.071964203583523
-4.320845027961353,3.7537046800745597,3.071964203583523
-4.346086487911715,3.755465049554806,3.071964203583523
-4.371327947862078,3.7572254190350525,3.071964203583523
-4.396569407812439,3.758985788515299,3.071964203583523
-4.421810867762802,3.7607461579955452,3.071964203583523
-4.447052327713164,3.762506527475791,3.071964203583523
-4.472293787663526,3.7642668969560376,3.071964203583523
-4.497535247613888,3.766027266436284,3.071964203583523
-4.52277670756425,3.7677876359165303,3.071964203583523
-4.548018167514613,3.7695480053967767,3.071964203583523
-4.573259627464974,3.771308374877023,3.071964203583523
-4.598501087415336,3.7730687443572695,3.071964203583523
-4.623742547365699,3.774829113837516,3.071964203583523
-4.648984007316061,3.7765894833177622,3.071964203583523
-4.674225467266423,3.7783498527980086,3.071964203583523
-4.699466927216784,3.780110222278255,3.071964203583523
-4.724708387167147,3.7818705917585014,3.071964203583523
-4.7499498471175094,3.7836309612387478,3.071964203583523
-4.775191307067871,3.785391330718994,3.071964203583523
-4.801732908381094,3.7879353749870073,3.0460333913014574
-4.8282745096943165,3.7904794192550204,3.0460333913014574
-4.85481611100754,3.793023463523034,3.0460333913014574
-4.881357712320762,3.795567507791047,3.0460333913014574
-4.907899313633985,3.7981115520590603,3.0460333913014574
-4.934440914947207,3.8006555963270734,3.0460333913014574
-4.96098251626043,3.8031996405950865,3.0460333913014574
-4.9875241175736535,3.8057436848631,3.0460333913014574
-5.014065718886876,3.8082877291311132,3.0460333913014574
-5.040607320200099,3.8108317733991264,3.0460333913014574
-5.067148921513321,3.8133758176671395,3.0460333913014574
-5.093690522826544,3.8159198619351526,3.0460333913014574
-5.120232124139767,3.8184639062031662,3.0460333913014574
-5.14677372545299,3.8210079504711794,3.0460333913014574
-5.173315326766212,3.8235519947391925,3.0460333913014574
-5.199856928079435,3.8260960390072056,3.0460333913014574
-5.226398529392658,3.828640083275219,3.0460333913014574
-5.2529401307058805,3.8311841275432323,3.0460333913014574
-5.279481732019104,3.8337281718112455,3.0460333913014574
-5.306023333332326,3.8362722160792586,3.0460333913014574
-5.332564934645549,3.8388162603472717,3.0460333913014574
-5.359106535958771,3.8413603046152853,3.0460333913014574
-5.385648137271994,3.8439043488832985,3.0460333913014574
-5.412189738585218,3.8464483931513116,3.0460333913014574
-5.43873133989844,3.8489924374193247,3.0460333913014574
-5.465272941211663,3.851536481687338,3.0460333913014574
-5.491814542524885,3.8540805259553514,3.0460333913014574
-5.518356143838108,3.8566245702233646,3.0460333913014574
-5.544897745151331,3.8591686144913777,3.0460333913014574
-5.571439346464554,3.861712658759391,3.0460333913014574
-5.597980947777776,3.864256703027404,3.0460333913014574
-5.624522549090999,3.8668007472954176,3.0460333913014574
-5.651064150404222,3.8693447915634307,3.0460333913014574
-5.6776057517174445,3.871888835831444,3.0460333913014574
-5.704147353030668,3.874432880099457,3.0460333913014574
-5.73068895434389,3.87697692436747,3.0460333913014574
-5.757230555657113,3.8795209686354837,3.0460333913014574
-5.783772156970336,3.882065012903497,3.0460333913014574
-5.8103137582835584,3.88460905717151,3.0460333913014574
-5.836855359596782,3.887153101439523,3.0460333913014574
-5.863396960910004,3.8896971457075367,3.0460333913014574
-5.889938562223227,3.89224118997555,3.0460333913014574
-5.916480163536449,3.894785234243563,3.0460333913014574
-5.943021764849672,3.897329278511576,3.0460333913014574
-5.969563366162895,3.899873322779589,3.0460333913014574
-5.996104967476118,3.902417367047603,3.0460333913014574
-6.022646568789341,3.904961411315616,3.0460333913014574
-6.049188170102563,3.907505455583629,3.0460333913014574
-6.075729771415785,3.910049499851642,3.0460333913014574
-6.1022713727290085,3.9125935441196553,3.0460333913014574
-6.128812974042232,3.915137588387669,3.0460333913014574
-6.155354575355455,3.917681632655682,3.0460333913014574
-6.181896176668677,3.920225676923695,3.0460333913014574
-6.208437777981899,3.9227697211917083,3.0460333913014574
-6.2349793792951225,3.9253137654597214,3.0460333913014574
-6.261520980608346,3.927857809727735,3.0460333913014574
-6.288062581921568,3.930401853995748,3.0460333913014574
-6.31460418323479,3.9329458982637613,3.0460333913014574
-6.341145784548013,3.9354899425317744,3.0460333913014574
-6.367687385861236,3.9380339867997876,3.0460333913014574
-6.394228987174459,3.940578031067801,3.0460333913014574
-6.420770588487682,3.9431220753358143,3.0460333913014574
-6.447312189800904,3.9456661196038274,3.0460333913014574
-6.473853791114127,3.9482101638718405,3.0460333913014574
-6.50039539242735,3.9507542081398537,3.0460333913014574
-6.526936993740573,3.9532982524078673,3.0460333913014574
-6.553478595053796,3.9558422966758804,3.0460333913014574
-6.580020196367018,3.9583863409438935,3.0460333913014574
-6.606561797680241,3.9609303852119067,3.0460333913014574
-6.633103398993463,3.96347442947992,3.0460333913014574
-6.6596450003066865,3.9660184737479334,3.0460333913014574
-6.686186601619909,3.9685625180159465,3.0460333913014574
-6.712728202933132,3.9711065622839596,3.0460333913014574
-6.739269804246355,3.9736506065519728,3.0460333913014574
-6.765811405559577,3.9761946508199864,3.0460333913014574
-6.7923530068728,3.9787386950879995,3.0460333913014574
-6.818894608186023,3.9812827393560126,3.0460333913014574
-6.845436209499246,3.9838267836240258,3.0460333913014574
-6.871977810812469,3.986370827892039,3.0460333913014574
-6.898519412125692,3.9889148721600525,3.0460333913014574
-6.925061013438914,3.9914589164280656,3.0460333913014574
-6.951602614752137,3.9940029606960787,3.0460333913014574
-6.97814421606536,3.996547004964092,3.0460333913014574
-7.004685817378583,3.999091049232105,3.0460333913014574
-7.031227418691805,4.001635093500118,3.0460333913014574
-7.057769020005027,4.004179137768132,3.0460333913014574
-7.0843106213182505,4.006723182036145,3.0460333913014574
-7.110852222631474,4.009267226304158,3.0460333913014574
-7.137393823944696,4.011811270572172,3.0460333913014574
-7.163935425257919,4.014355314840184,3.0460333913014574
-7.190477026571141,4.016899359108198,3.0460333913014574
-7.217018627884364,4.019443403376211,3.0460333913014574
-7.243560229197588,4.021987447644224,3.0460333913014574
-7.27010183051081,4.024531491912238,3.0460333913014574
-7.296643431824032,4.02707553618025,3.0460333913014574
-7.323185033137255,4.029619580448264,3.0460333913014574
-7.349726634450478,4.0321636247162775,3.0460333913014574
-7.376268235763701,4.03470766898429,3.0460333913014574
-7.402809837076924,4.037251713252304,3.0460333913014574
-7.429351438390146,4.0397957575203165,3.0460333913014574
-7.455893039703369,4.04233980178833,3.0460333913014574
-7.481480220756908,4.045042368445066,3.0363609182825955
-7.507067401810448,4.047744935101802,3.0363609182825955
-7.532654582863987,4.050447501758538,3.0363609182825955
-7.558241763917526,4.053150068415274,3.0363609182825955
-7.583828944971065,4.055852635072009,3.0363609182825955
-7.609416126024605,4.058555201728745,3.0363609182825955
-7.6350033070781445,4.061257768385481,3.0363609182825955
-7.6605904881316835,4.063960335042217,3.0363609182825955
-7.686177669185223,4.066662901698953,3.0363609182825955
-7.711764850238763,4.069365468355689,3.0363609182825955
-7.737352031292302,4.072068035012425,3.0363609182825955
-7.762939212345841,4.074770601669161,3.0363609182825955
-7.78852639339938,4.077473168325897,3.0363609182825955
-7.81411357445292,4.080175734982632,3.0363609182825955
-7.839700755506459,4.082878301639368,3.0363609182825955
-7.865287936559998,4.085580868296104,3.0363609182825955
-7.890875117613538,4.08828343495284,3.0363609182825955
-7.916462298667077,4.090986001609576,3.0363609182825955
-7.942049479720616,4.093688568266312,3.0363609182825955
-7.967636660774155,4.0963911349230475,3.0363609182825955
-7.993223841827695,4.0990937015797835,3.0363609182825955
-8.018811022881234,4.101796268236519,3.0363609182825955
-8.044398203934774,4.1044988348932545,3.0363609182825955
-8.069985384988312,4.1072014015499905,3.0363609182825955
-8.095572566041852,4.109903968206726,3.0363609182825955
-8.12115974709539,4.112606534863462,3.0363609182825955
-8.14674692814893,4.115309101520198,3.0363609182825955
-8.17233410920247,4.118011668176934,3.0363609182825955
-8.197921290256009,4.12071423483367,3.0363609182825955
-8.223508471309549,4.123416801490406,3.0363609182825955
-8.249095652363089,4.126119368147142,3.0363609182825955
-8.274682833416627,4.128821934803878,3.0363609182825955
-8.300270014470167,4.131524501460613,3.0363609182825955
-8.325857195523707,4.134227068117349,3.0363609182825955
-8.351444376577245,4.136929634774085,3.0363609182825955
-8.377031557630785,4.139632201430821,3.0363609182825955
-8.402618738684323,4.142334768087557,3.0363609182825955
-8.428205919737863,4.145037334744293,3.0363609182825955
-8.453793100791403,4.147739901401029,3.0363609182825955
-8.479380281844941,4.150442468057765,3.0363609182825955
-8.504967462898481,4.153145034714501,3.0363609182825955
-8.530554643952021,4.155847601371236,3.0363609182825955
-8.55614182500556,4.158550168027972,3.0363609182825955
-8.5817290060591,4.161252734684708,3.0363609182825955
-8.607316187112637,4.163955301341444,3.0363609182825955
-8.632903368166177,4.16665786799818,3.0363609182825955
-8.658490549219717,4.169360434654916,3.0363609182825955
-8.684077730273255,4.172063001311652,3.0363609182825955
-8.709664911326795,4.174765567968388,3.0363609182825955
-8.735252092380335,4.177468134625124,3.0363609182825955
-8.760839273433874,4.180170701281859,3.0363609182825955
-8.786426454487414,4.182873267938595,3.0363609182825955
-8.812013635540954,4.185575834595331,3.0363609182825955
-8.837600816594492,4.188278401252067,3.0363609182825955
-8.863187997648032,4.190980967908803,3.0363609182825955
-8.888775178701572,4.1936835345655386,3.0363609182825955
-8.91436235975511,4.1963861012222745,3.0363609182825955
-8.93994954080865,4.1990886678790105,3.0363609182825955
-8.965536721862188,4.201791234535746,3.0363609182825955
-8.991123902915728,4.2044938011924815,3.0363609182825955
-9.016711083969268,4.2071963678492175,3.0363609182825955
-9.042298265022806,4.209898934505953,3.0363609182825955
-9.067885446076346,4.212601501162689,3.0363609182825955
-9.093472627129886,4.215304067819425,3.0363609182825955
-9.119059808183424,4.218006634476161,3.0363609182825955
-9.144646989236964,4.220709201132897,3.0363609182825955
-9.170234170290502,4.223411767789633,3.0363609182825955
-9.195821351344042,4.226114334446369,3.0363609182825955
-9.221408532397582,4.228816901103105,3.0363609182825955
-9.24699571345112,4.23151946775984,3.0363609182825955
-9.27258289450466,4.234222034416576,3.0363609182825955
-9.2981700755582,4.236924601073312,3.0363609182825955
-9.323757256611739,4.239627167730048,3.0363609182825955
-9.349344437665279,4.242329734386784,3.0363609182825955
-9.374931618718819,4.24503230104352,3.0363609182825955
-9.400518799772357,4.247734867700256,3.0363609182825955
-9.426105980825897,4.250437434356992,3.0363609182825955
-9.451693161879437,4.253140001013728,3.0363609182825955
-9.477280342932975,4.255842567670463,3.0363609182825955
-9.502867523986515,4.258545134327199,3.0363609182825955
-9.528454705040055,4.261247700983935,3.0363609182825955
-9.554041886093593,4.263950267640671,3.0363609182825955
-9.579629067147131,4.266652834297407,3.0363609182825955
-9.605216248200671,4.269355400954143,3.0363609182825955
-9.630803429254211,4.272057967610879,3.0363609182825955
-9.65639061030775,4.274760534267615,3.0363609182825955
-9.68197779136129,4.277463100924351,3.0363609182825955
-9.70756497241483,4.280165667581086,3.0363609182825955
-9.733152153468367,4.282868234237822,3.0363609182825955
-9.758739334521907,4.285570800894558,3.0363609182825955
-9.784326515575447,4.288273367551294,3.0363609182825955
-9.809913696628985,4.29097593420803,3.0363609182825955
-9.835500877682525,4.2936785008647655,3.0363609182825955
-9.861088058736065,4.2963810675215015,3.0363609182825955
-9.886675239789604,4.2990836341782375,3.0363609182825955
-9.912262420843144,4.301786200834973,3.0363609182825955
-9.937849601896684,4.3044887674917085,3.0363609182825955
-9.963436782950222,4.3071913341484445,3.0363609182825955
-9.989023964003762,4.30989390080518,3.0363609182825955
-10.0146111450573,4.312596467461916,3.0363609182825955
-10.04019832611084,4.315299034118652,3.0363609182825955
-10.06824525512091,4.316394324349885,3.102560432121919
-10.09629218413098,4.317489614581118,3.102560432121919
-10.124339113141051,4.31858490481235,3.102560432121919
-10.15238604215112,4.319680195043583,3.102560432121919
-10.18043297116119,4.320775485274815,3.102560432121919
-10.20847990017126,4.3218707755060475,3.102560432121919
-10.236526829181331,4.322966065737281,3.102560432121919
-10.264573758191402,4.324061355968513,3.102560432121919
-10.292620687201472,4.325156646199746,3.102560432121919
-10.320667616211542,4.326251936430978,3.102560432121919
-10.348714545221611,4.327347226662211,3.102560432121919
-10.376761474231682,4.3284425168934435,3.102560432121919
-10.404808403241752,4.329537807124676,3.102560432121919
-10.432855332251822,4.330633097355909,3.102560432121919
-10.460902261261893,4.331728387587141,3.102560432121919
-10.488949190271963,4.332823677818374,3.102560432121919
-10.516996119282034,4.333918968049606,3.102560432121919
-10.545043048292104,4.335014258280839,3.102560432121919
-10.573089977302173,4.336109548512072,3.102560432121919
-10.601136906312243,4.337204838743304,3.102560432121919
-10.629183835322314,4.338300128974537,3.102560432121919
-10.657230764332384,4.339395419205769,3.102560432121919
-10.685277693342455,4.340490709437002,3.102560432121919
-10.713324622352525,4.341585999668235,3.102560432121919
-10.741371551362594,4.342681289899467,3.102560432121919
-10.769418480372664,4.3437765801307,3.102560432121919
-10.797465409382735,4.344871870361932,3.102560432121919
-10.825512338392805,4.345967160593165,3.102560432121919
-10.853559267402876,4.347062450824398,3.102560432121919
-10.881606196412946,4.34815774105563,3.102560432121919
-10.909653125423016,4.349253031286863,3.102560432121919
-10.937700054433087,4.350348321518095,3.102560432121919
-10.965746983443156,4.351443611749328,3.102560432121919
-10.993793912453226,4.3525389019805605,3.102560432121919
-11.021840841463296,4.353634192211794,3.102560432121919
-11.049887770473367,4.354729482443026,3.102560432121919
-11.077934699483437,4.355824772674258,3.102560432121919
-11.105981628493508,4.356920062905491,3.102560432121919
-11.134028557503578,4.358015353136723,3.102560432121919
-11.162075486513647,4.3591106433679565,3.102560432121919
-11.190122415523717,4.360205933599189,3.102560432121919
-11.218169344533788,4.361301223830421,3.102560432121919
-11.246216273543858,4.362396514061654,3.102560432121919
-11.274263202553929,4.363491804292886,3.102560432121919
-11.302310131563999,4.364587094524119,3.102560432121919
-11.33035706057407,4.365682384755352,3.102560432121919
-11.35840398958414,4.366777674986585,3.102560432121919
-11.386450918594209,4.367872965217817,3.102560432121919
-11.414497847604279,4.368968255449049,3.102560432121919
-11.44254477661435,4.370063545680282,3.102560432121919
-11.47059170562442,4.3711588359115146,3.102560432121919
-11.49863863463449,4.372254126142748,3.102560432121919
-11.52668556364456,4.37334941637398,3.102560432121919
-11.554732492654631,4.374444706605212,3.102560432121919
-11.5827794216647,4.375539996836445,3.102560432121919
-11.61082635067477,4.3766352870676775,3.102560432121919
-11.63887327968484,4.377730577298911,3.102560432121919
-11.666920208694911,4.378825867530143,3.102560432121919
-11.694967137704982,4.379921157761376,3.102560432121919
-11.723014066715052,4.381016447992608,3.102560432121919
-11.751060995725123,4.38211173822384,3.102560432121919
-11.779107924735191,4.3832070284550735,3.102560432121919
-11.807154853745262,4.384302318686306,3.102560432121919
-11.835201782755332,4.385397608917539,3.102560432121919
-11.863248711765403,4.386492899148771,3.102560432121919
-11.891295640775473,4.387588189380003,3.102560432121919
-11.919342569785544,4.388683479611236,3.102560432121919
-11.947389498795614,4.389778769842469,3.102560432121919
-11.975436427805683,4.390874060073702,3.102560432121919
-12.003483356815753,4.391969350304934,3.102560432121919
-12.031530285825824,4.393064640536167,3.102560432121919
-12.059577214835894,4.394159930767399,3.102560432121919
-12.087624143845964,4.3952552209986315,3.102560432121919
-12.115671072856035,4.396350511229865,3.102560432121919
-12.143718001866105,4.397445801461097,3.102560432121919
-12.171764930876176,4.39854109169233,3.102560432121919
-12.199811859886244,4.399636381923562,3.102560432121919
-12.227858788896315,4.400731672154794,3.102560432121919
-12.255905717906385,4.4018269623860276,3.102560432121919
-12.283952646916456,4.40292225261726,3.102560432121919
-12.311999575926526,4.404017542848493,3.102560432121919
-12.340046504936597,4.405112833079725,3.102560432121919
-12.368093433946665,4.406208123310958,3.102560432121919
-12.396140362956736,4.4073034135421905,3.102560432121919
-12.424187291966806,4.408398703773423,3.102560432121919
-12.452234220976877,4.409493994004656,3.102560432121919
-12.480281149986947,4.410589284235888,3.102560432121919
-12.508328078997017,4.411684574467121,3.102560432121919
-12.536375008007088,4.412779864698353,3.102560432121919
-12.564421937017158,4.413875154929586,3.102560432121919
-12.592468866027229,4.414970445160819,3.102560432121919
-12.620515795037297,4.416065735392051,3.102560432121919
-12.648562724047368,4.417161025623284,3.102560432121919
-12.676609653057438,4.418256315854516,3.102560432121919
-12.704656582067509,4.419351606085749,3.102560432121919
-12.732703511077577,4.420446896316982,3.102560432121919
-12.760750440087648,4.421542186548214,3.102560432121919
-12.788797369097718,4.422637476779447,3.102560432121919
-12.816844298107789,4.423732767010679,3.102560432121919
-12.84489122711786,4.424828057241912,3.102560432121919
-12.87293815612793,4.4259233474731445,3.102560432121919
-12.87943959944319,4.410187735415922,-1.962602198567521
-12.88594104275845,4.394452123358699,-1.962602198567521
-12.892442486073712,4.378716511301475,-1.962602198567521
-12.898943929388972,4.362980899244252,-1.962602198567521
-12.905445372704232,4.347245287187029,-1.962602198567521
-12.911946816019492,4.331509675129806,-1.962602198567521
-12.918448259334752,4.315774063072582,-1.962602198567521
-12.924949702650014,4.300038451015359,-1.962602198567521
-12.931451145965275,4.284302838958136,-1.962602198567521
-12.937952589280535,4.268567226900913,-1.962602198567521
-12.944454032595795,4.252831614843689,-1.962602198567521
-12.950955475911055,4.237096002786466,-1.962602198567521
-12.957456919226315,4.221360390729243,-1.962602198567521
-12.963958362541577,4.20562477867202,-1.962602198567521
-12.970459805856837,4.189889166614797,-1.962602198567521
-12.976961249172097,4.174153554557574,-1.962602198567521
-12.983462692487358,4.158417942500351,-1.962602198567521
-12.989964135802618,4.142682330443128,-1.962602198567521
-12.99646557911788,4.126946718385904,-1.962602198567521
-13.00296702243314,4.111211106328681,-1.962602198567521
-13.0094684657484,4.095475494271458,-1.962602198567521
-13.01596990906366,4.079739882214235,-1.962602198567521
-13.02247135237892,4.064004270157011,-1.962602198567521
-13.028972795694182,4.048268658099788,-1.962602198567521
-13.035474239009442,4.032533046042565,-1.962602198567521
-13.041975682324702,4.016797433985342,-1.962602198567521
-13.048477125639963,4.001061821928118,-1.962602198567521
-13.054978568955223,3.9853262098708955,-1.962602198567521
-13.061480012270483,3.9695905978136725,-1.962602198567521
-13.067981455585745,3.953854985756449,-1.962602198567521
-13.074482898901005,3.938119373699226,-1.962602198567521
-13.080984342216265,3.9223837616420028,-1.962602198567521
-13.087485785531525,3.90664814958478,-1.962602198567521
-13.093987228846785,3.8909125375275564,-1.962602198567521
-13.100488672162047,3.8751769254703334,-1.962602198567521
-13.106990115477307,3.85944131341311,-1.962602198567521
-13.113491558792568,3.843705701355887,-1.962602198567521
-13.119993002107828,3.8279700892986637,-1.962602198567521
-13.126494445423088,3.8122344772414407,-1.962602198567521
-13.13299588873835,3.7964988651842173,-1.962602198567521
-13.13949733205361,3.7807632531269943,-1.962602198567521
-13.14599877536887,3.765027641069771,-1.962602198567521
-13.15250021868413,3.749292029012548,-1.962602198567521
-13.15900166199939,3.7335564169553246,-1.962602198567521
-13.16550310531465,3.7178208048981016,-1.962602198567521
-13.172004548629912,3.7020851928408782,-1.962602198567521
-13.178505991945173,3.6863495807836553,-1.962602198567521
-13.185007435260433,3.670613968726432,-1.962602198567521
-13.191508878575693,3.654878356669209,-1.962602198567521
-13.198010321890953,3.6391427446119855,-1.962602198567521
-13.204511765206215,3.6234071325547625,-1.962602198567521
-13.211013208521475,3.607671520497539,-1.962602198567521
-13.217514651836735,3.591935908440316,-1.962602198567521
-13.224016095151995,3.576200296383093,-1.962602198567521
-13.230517538467256,3.56046468432587,-1.962602198567521
-13.237018981782517,3.5447290722686464,-1.962602198567521
-13.243520425097778,3.5289934602114235,-1.962602198567521
-13.250021868413038,3.5132578481542005,-1.962602198567521
-13.256523311728298,3.497522236096977,-1.962602198567521
-13.263024755043558,3.4817866240397537,-1.962602198567521
-13.269526198358818,3.4660510119825307,-1.962602198567521
-13.27602764167408,3.4503153999253073,-1.962602198567521
-13.28252908498934,3.4345797878680844,-1.962602198567521
-13.2890305283046,3.418844175810861,-1.962602198567521
-13.29553197161986,3.403108563753638,-1.962602198567521
-13.30203341493512,3.3873729516964146,-1.962602198567521
-13.308534858250383,3.371637339639191,-1.962602198567521
-13.315036301565643,3.3559017275819683,-1.962602198567521
-13.321537744880903,3.3401661155247453,-1.962602198567521
-13.328039188196163,3.3244305034675223,-1.962602198567521
-13.334540631511423,3.308694891410299,-1.962602198567521
-13.341042074826685,3.2929592793530755,-1.962602198567521
-13.347543518141945,3.2772236672958526,-1.962602198567521
-13.354044961457205,3.2614880552386296,-1.962602198567521
-13.360546404772466,3.245752443181406,-1.962602198567521
-13.367047848087726,3.230016831124183,-1.962602198567521
-13.373549291402988,3.21428121906696,-1.962602198567521
-13.380050734718248,3.198545607009737,-1.962602198567521
-13.386552178033508,3.1828099949525135,-1.962602198567521
-13.393053621348768,3.16707438289529,-1.962602198567521
-13.399555064664028,3.151338770838067,-1.962602198567521
-13.406056507979288,3.1356031587808437,-1.962602198567521
-13.41255795129455,3.1198675467236208,-1.962602198567521
-13.41905939460981,3.1041319346663974,-1.962602198567521
-13.42556083792507,3.0883963226091744,-1.962602198567521
-13.43206228124033,3.0726607105519514,-1.962602198567521
-13.438563724555591,3.056925098494728,-1.962602198567521
-13.445065167870853,3.0411894864375046,-1.962602198567521
-13.451566611186113,3.0254538743802817,-1.962602198567521
-13.458068054501373,3.0097182623230587,-1.962602198567521
-13.464569497816633,2.9939826502658353,-1.962602198567521
-13.471070941131893,2.978247038208612,-1.962602198567521
-13.477572384447154,2.962511426151389,-1.962602198567521
-13.484073827762415,2.946775814094166,-1.962602198567521
-13.490575271077676,2.9310402020369426,-1.962602198567521
-13.497076714392936,2.915304589979719,-1.962602198567521
-13.503578157708196,2.8995689779224962,-1.962602198567521
-13.510079601023456,2.8838333658652733,-1.962602198567521
-13.516581044338718,2.86809775380805,-1.962602198567521
-13.523082487653978,2.8523621417508265,-1.962602198567521
-13.529583930969238,2.8366265296936035,-1.962602198567521
-13.530041666314153,2.822313974399378,-1.6027668151248236
-13.530499401659068,2.808001419105152,-1.6027668151248236
-13.530957137003984,2.7936888638109263,-1.6027668151248236
-13.531414872348899,2.7793763085167007,-1.6027668151248236
-13.531872607693813,2.765063753222475,-1.6027668151248236
-13.532330343038728,2.750751197928249,-1.6027668151248236
-13.532788078383645,2.7364386426340235,-1.6027668151248236
-13.53324581372856,2.722126087339798,-1.6027668151248236
-13.533703549073474,2.7078135320455723,-1.6027668151248236
-13.534161284418389,2.6935009767513463,-1.6027668151248236
-13.534619019763305,2.6791884214571207,-1.6027668151248236
-13.53507675510822,2.664875866162895,-1.6027668151248236
-13.535534490453134,2.6505633108686695,-1.6027668151248236
-13.535992225798049,2.6362507555744434,-1.6027668151248236
-13.536449961142965,2.621938200280218,-1.6027668151248236
-13.53690769648788,2.6076256449859923,-1.6027668151248236
-13.537365431832795,2.593313089691766,-1.6027668151248236
-13.53782316717771,2.5790005343975406,-1.6027668151248236
-13.538280902522626,2.564687979103315,-1.6027668151248236
-13.53873863786754,2.5503754238090894,-1.6027668151248236
-13.539196373212455,2.5360628685148634,-1.6027668151248236
-13.53965410855737,2.521750313220638,-1.6027668151248236
-13.540111843902286,2.507437757926412,-1.6027668151248236
-13.540569579247201,2.4931252026321866,-1.6027668151248236
-13.541027314592116,2.4788126473379606,-1.6027668151248236
-13.54148504993703,2.464500092043735,-1.6027668151248236
-13.541942785281947,2.4501875367495094,-1.6027668151248236
-13.542400520626861,2.4358749814552834,-1.6027668151248236
-13.542858255971776,2.4215624261610578,-1.6027668151248236
-13.54331599131669,2.407249870866832,-1.6027668151248236
-13.543773726661607,2.3929373155726066,-1.6027668151248236
-13.544231462006522,2.3786247602783805,-1.6027668151248236
-13.544689197351437,2.364312204984155,-1.6027668151248236
-13.545146932696351,2.3499996496899294,-1.6027668151248236
-13.545604668041268,2.3356870943957038,-1.6027668151248236
-13.546062403386182,2.3213745391014777,-1.6027668151248236
-13.546520138731097,2.307061983807252,-1.6027668151248236
-13.546977874076012,2.2927494285130265,-1.6027668151248236
-13.547435609420928,2.2784368732188005,-1.6027668151248236
-13.547893344765843,2.264124317924575,-1.6027668151248236
-13.548351080110757,2.2498117626303493,-1.6027668151248236
-13.548808815455672,2.2354992073361237,-1.6027668151248236
-13.549266550800589,2.221186652041898,-1.6027668151248236
-13.549724286145503,2.206874096747672,-1.6027668151248236
-13.550182021490418,2.1925615414534465,-1.6027668151248236
-13.550639756835333,2.178248986159221,-1.6027668151248236
-13.551097492180249,2.163936430864995,-1.6027668151248236
-13.551555227525164,2.1496238755707693,-1.6027668151248236
-13.552012962870078,2.1353113202765437,-1.6027668151248236
-13.552470698214993,2.120998764982318,-1.6027668151248236
-13.55292843355991,2.106686209688092,-1.6027668151248236
-13.553386168904824,2.0923736543938665,-1.6027668151248236
-13.553843904249739,2.078061099099641,-1.6027668151248236
-13.554301639594653,2.0637485438054153,-1.6027668151248236
-13.55475937493957,2.0494359885111892,-1.6027668151248236
-13.555217110284485,2.0351234332169637,-1.6027668151248236
-13.5556748456294,2.020810877922738,-1.6027668151248236
-13.556132580974314,2.0064983226285125,-1.6027668151248236
-13.55659031631923,1.9921857673342864,-1.6027668151248236
-13.557048051664145,1.9778732120400608,-1.6027668151248236
-13.55750578700906,1.9635606567458352,-1.6027668151248236
-13.557963522353974,1.9492481014516094,-1.6027668151248236
-13.55842125769889,1.9349355461573836,-1.6027668151248236
-13.558878993043805,1.920622990863158,-1.6027668151248236
-13.55933672838872,1.9063104355689322,-1.6027668151248236
-13.559794463733635,1.8919978802747064,-1.6027668151248236
-13.560252199078551,1.8776853249804808,-1.6027668151248236
-13.560709934423466,1.8633727696862552,-1.6027668151248236
-13.56116766976838,1.8490602143920294,-1.6027668151248236
-13.561625405113295,1.8347476590978038,-1.6027668151248236
-13.562083140458212,1.820435103803578,-1.6027668151248236
-13.562540875803126,1.8061225485093524,-1.6027668151248236
-13.562998611148041,1.7918099932151266,-1.6027668151248236
-13.563456346492956,1.777497437920901,-1.6027668151248236
-13.563914081837872,1.7631848826266752,-1.6027668151248236
-13.564371817182787,1.7488723273324494,-1.6027668151248236
-13.564829552527701,1.7345597720382238,-1.6027668151248236
-13.565287287872616,1.720247216743998,-1.6027668151248236
-13.565745023217533,1.7059346614497723,-1.6027668151248236
-13.566202758562447,1.6916221061555465,-1.6027668151248236
-13.566660493907362,1.6773095508613207,-1.6027668151248236
-13.567118229252277,1.6629969955670951,-1.6027668151248236
-13.567575964597193,1.6486844402728695,-1.6027668151248236
-13.568033699942108,1.6343718849786437,-1.6027668151248236
-13.568491435287022,1.6200593296844181,-1.6027668151248236
-13.568949170631937,1.6057467743901923,-1.6027668151248236
-13.569406905976853,1.5914342190959667,-1.6027668151248236
-13.569864641321768,1.577121663801741,-1.6027668151248236
-13.570322376666683,1.562809108507515,-1.6027668151248236
-13.570780112011597,1.5484965532132895,-1.6027668151248236
-13.571237847356514,1.5341839979190637,-1.6027668151248236
-13.571695582701429,1.519871442624838,-1.6027668151248236
-13.572153318046343,1.5055588873306123,-1.6027668151248236
-13.572611053391258,1.4912463320363865,-1.6027668151248236
-13.573068788736174,1.476933776742161,-1.6027668151248236
-13.573526524081089,1.4626212214479353,-1.6027668151248236
-13.573984259426004,1.4483086661537095,-1.6027668151248236
-13.574441994770918,1.4339961108594839,-1.6027668151248236
-13.574899730115835,1.419683555565258,-1.6027668151248236
-13.57535746546075,1.4053710002710325,-1.6027668151248236
-13.575815200805664,1.3910584449768066,-1.6027668151248236
-13.57073972720911,1.3798811223247263,-1.144549097185977
-13.565664253612557,1.368703799672646,-1.144549097185977
-13.560588780016001,1.3575264770205657,-1.144549097185977
-13.555513306419448,1.3463491543684856,-1.144549097185977
-13.550437832822894,1.3351718317164052,-1.144549097185977
-13.54536235922634,1.323994509064325,-1.144549097185977
-13.540286885629786,1.3128171864122447,-1.144549097185977
-13.535211412033233,1.3016398637601645,-1.144549097185977
-13.530135938436677,1.2904625411080841,-1.144549097185977
-13.525060464840124,1.279285218456004,-1.144549097185977
-13.51998499124357,1.2681078958039236,-1.144549097185977
-13.514909517647016,1.2569305731518434,-1.144549097185977
-13.509834044050463,1.245753250499763,-1.144549097185977
-13.504758570453909,1.2345759278476829,-1.144549097185977
-13.499683096857353,1.2233986051956025,-1.144549097185977
-13.4946076232608,1.2122212825435223,-1.144549097185977
-13.489532149664246,1.201043959891442,-1.144549097185977
-13.484456676067692,1.1898666372393618,-1.144549097185977
-13.479381202471139,1.1786893145872814,-1.144549097185977
-13.474305728874585,1.1675119919352013,-1.144549097185977
-13.46923025527803,1.156334669283121,-1.144549097185977
-13.464154781681476,1.1451573466310407,-1.144549097185977
-13.459079308084922,1.1339800239789604,-1.144549097185977
-13.454003834488368,1.1228027013268802,-1.144549097185977
-13.448928360891815,1.1116253786747998,-1.144549097185977
-13.443852887295261,1.1004480560227194,-1.144549097185977
-13.438777413698705,1.0892707333706393,-1.144549097185977
-13.433701940102152,1.0780934107185591,-1.144549097185977
-13.428626466505598,1.0669160880664788,-1.144549097185977
-13.423550992909044,1.0557387654143984,-1.144549097185977
-13.41847551931249,1.0445614427623182,-1.144549097185977
-13.413400045715937,1.033384120110238,-1.144549097185977
-13.408324572119382,1.0222067974581577,-1.144549097185977
-13.403249098522828,1.0110294748060773,-1.144549097185977
-13.398173624926274,0.9998521521539971,-1.144549097185977
-13.39309815132972,0.9886748295019169,-1.144549097185977
-13.388022677733167,0.9774975068498366,-1.144549097185977
-13.382947204136613,0.9663201841977563,-1.144549097185977
-13.377871730540058,0.9551428615456761,-1.144549097185977
-13.372796256943504,0.9439655388935957,-1.144549097185977
-13.36772078334695,0.9327882162415155,-1.144549097185977
-13.362645309750397,0.9216108935894353,-1.144549097185977
-13.357569836153843,0.910433570937355,-1.144549097185977
-13.35249436255729,0.8992562482852746,-1.144549097185977
-13.347418888960734,0.8880789256331945,-1.144549097185977
-13.34234341536418,0.8769016029811141,-1.144549097185977
-13.337267941767626,0.8657242803290338,-1.144549097185977
-13.332192468171073,0.8545469576769537,-1.144549097185977
-13.327116994574519,0.8433696350248734,-1.144549097185977
-13.322041520977965,0.8321923123727931,-1.144549097185977
-13.31696604738141,0.8210149897207127,-1.144549097185977
-13.311890573784856,0.8098376670686325,-1.144549097185977
-13.306815100188302,0.7986603444165522,-1.144549097185977
-13.301739626591749,0.7874830217644719,-1.144549097185977
-13.296664152995195,0.7763056991123917,-1.144549097185977
-13.291588679398641,0.7651283764603114,-1.144549097185977
-13.286513205802086,0.7539510538082312,-1.144549097185977
-13.281437732205532,0.742773731156151,-1.144549097185977
-13.276362258608978,0.7315964085040707,-1.144549097185977
-13.271286785012425,0.7204190858519903,-1.144549097185977
-13.266211311415871,0.7092417631999101,-1.144549097185977
-13.261135837819317,0.6980644405478298,-1.144549097185977
-13.256060364222762,0.6868871178957495,-1.144549097185977
-13.250984890626208,0.6757097952436693,-1.144549097185977
-13.245909417029655,0.664532472591589,-1.144549097185977
-13.2408339434331,0.6533551499395087,-1.144549097185977
-13.235758469836547,0.6421778272874284,-1.144549097185977
-13.230682996239993,0.6310005046353482,-1.144549097185977
-13.225607522643438,0.6198231819832678,-1.144549097185977
-13.220532049046884,0.6086458593311876,-1.144549097185977
-13.21545657545033,0.5974685366791074,-1.144549097185977
-13.210381101853777,0.5862912140270271,-1.144549097185977
-13.205305628257223,0.5751138913749468,-1.144549097185977
-13.20023015466067,0.5639365687228666,-1.144549097185977
-13.195154681064114,0.5527592460707863,-1.144549097185977
-13.19007920746756,0.541581923418706,-1.144549097185977
-13.185003733871007,0.5304046007666258,-1.144549097185977
-13.179928260274453,0.5192272781145454,-1.144549097185977
-13.1748527866779,0.5080499554624651,-1.144549097185977
-13.169777313081346,0.49687263281038485,-1.144549097185977
-13.16470183948479,0.4856953101583046,-1.144549097185977
-13.159626365888236,0.4745179875062243,-1.144549097185977
-13.154550892291683,0.46334066485414416,-1.144549097185977
-13.149475418695129,0.4521633422020639,-1.144549097185977
-13.144399945098575,0.4409860195499836,-1.144549097185977
-13.139324471502022,0.42980869689790335,-1.144549097185977
-13.134248997905466,0.4186313742458231,-1.144549097185977
-13.129173524308912,0.4074540515937427,-1.144549097185977
-13.124098050712359,0.39627672894166244,-1.144549097185977
-13.119022577115805,0.3850994062895823,-1.144549097185977
-13.113947103519251,0.3739220836375019,-1.144549097185977
-13.108871629922696,0.3627447609854215,-1.144549097185977
-13.103796156326142,0.35156743833334136,-1.144549097185977
-13.098720682729589,0.340390115681261,-1.144549097185977
-13.093645209133035,0.32921279302918083,-1.144549097185977
-13.088569735536481,0.31803547037710067,-1.144549097185977
-13.083494261939927,0.3068581477250203,-1.144549097185977
-13.078418788343374,0.29568082507294013,-1.144549097185977
-13.073343314746818,0.28450350242085976,-1.144549097185977
-13.068267841150265,0.2733261797687796,-1.144549097185977
-13.063192367553711,0.2621488571166992,-1.144549097185977
-13.050021350973903,0.25591426084537316,-0.44210715195204003
-13.036850334394096,0.24967966457404714,-0.44210715195204003
-13.023679317814288,0.24344506830272108,-0.44210715195204003
-13.01050830123448,0.23721047203139503,-0.44210715195204003
-12.997337284654673,0.23097587576006898,-0.44210715195204003
-12.984166268074867,0.22474127948874295,-0.44210715195204003
-12.97099525149506,0.2185066832174169,-0.44210715195204003
-12.957824234915252,0.21227208694609084,-0.44210715195204003
-12.944653218335445,0.2060374906747648,-0.44210715195204003
-12.931482201755637,0.19980289440343876,-0.44210715195204003
-12.91831118517583,0.1935682981321127,-0.44210715195204003
-12.905140168596022,0.18733370186078668,-0.44210715195204003
-12.891969152016214,0.18109910558946063,-0.44210715195204003
-12.878798135436407,0.17486450931813458,-0.44210715195204003
-12.8656271188566,0.16862991304680852,-0.44210715195204003
-12.852456102276793,0.16239531677548247,-0.44210715195204003
-12.839285085696986,0.15616072050415641,-0.44210715195204003
-12.826114069117178,0.1499261242328304,-0.44210715195204003
-12.81294305253737,0.14369152796150436,-0.44210715195204003
-12.799772035957563,0.1374569316901783,-0.44210715195204003
-12.786601019377756,0.13122233541885225,-0.44210715195204003
-12.773430002797948,0.1249877391475262,-0.44210715195204003
-12.76025898621814,0.11875314287620015,-0.44210715195204003
-12.747087969638333,0.11251854660487412,-0.44210715195204003
-12.733916953058525,0.10628395033354807,-0.44210715195204003
-12.72074593647872,0.10004935406222201,-0.44210715195204003
-12.707574919898912,0.09381475779089596,-0.44210715195204003
-12.694403903319104,0.0875801615195699,-0.44210715195204003
-12.681232886739297,0.0813455652482439,-0.44210715195204003
-12.66806187015949,0.07511096897691785,-0.44210715195204003
-12.654890853579682,0.0688763727055918,-0.44210715195204003
-12.641719836999874,0.06264177643426574,-0.44210715195204003
-12.628548820420066,0.05640718016293969,-0.44210715195204003
-12.615377803840259,0.05017258389161364,-0.44210715195204003
-12.602206787260451,0.04393798762028761,-0.44210715195204003
-12.589035770680645,0.03770339134896156,-0.44210715195204003
-12.575864754100838,0.0314687950776355,-0.44210715195204003
-12.56269373752103,0.025234198806309477,-0.44210715195204003
-12.549522720941223,0.018999602534983423,-0.44210715195204003
-12.536351704361415,0.012765006263657369,-0.44210715195204003
-12.523180687781608,0.0065304099923312875,-0.44210715195204003
-12.5100096712018,0.00029581372100528913,-0.44210715195204003
-12.496838654621993,-0.005938782550320765,-0.44210715195204003
-12.483667638042185,-0.012173378821646819,-0.44210715195204003
-12.470496621462377,-0.018407975092972872,-0.44210715195204003
-12.457325604882572,-0.024642571364298926,-0.44210715195204003
-12.444154588302764,-0.03087716763562498,-0.44210715195204003
-12.430983571722956,-0.03711176390695098,-0.44210715195204003
-12.417812555143149,-0.04334636017827703,-0.44210715195204003
-12.404641538563341,-0.049580956449603086,-0.44210715195204003
-12.391470521983534,-0.05581555272092914,-0.44210715195204003
-12.378299505403726,-0.062050148992255194,-0.44210715195204003
-12.365128488823919,-0.06828474526358125,-0.44210715195204003
-12.351957472244111,-0.0745193415349073,-0.44210715195204003
-12.338786455664303,-0.08075393780623336,-0.44210715195204003
-12.325615439084498,-0.08698853407755941,-0.44210715195204003
-12.31244442250469,-0.09322313034888535,-0.44210715195204003
-12.299273405924882,-0.0994577266202114,-0.44210715195204003
-12.286102389345075,-0.10569232289153746,-0.44210715195204003
-12.272931372765267,-0.11192691916286351,-0.44210715195204003
-12.25976035618546,-0.11816151543418957,-0.44210715195204003
-12.246589339605652,-0.12439611170551562,-0.44210715195204003
-12.233418323025845,-0.13063070797684168,-0.44210715195204003
-12.220247306446037,-0.13686530424816773,-0.44210715195204003
-12.20707628986623,-0.14309990051949378,-0.44210715195204003
-12.193905273286422,-0.14933449679081984,-0.44210715195204003
-12.180734256706616,-0.1555690930621459,-0.44210715195204003
-12.167563240126809,-0.16180368933347195,-0.44210715195204003
-12.154392223547001,-0.168038285604798,-0.44210715195204003
-12.141221206967193,-0.174272881876124,-0.44210715195204003
-12.128050190387386,-0.18050747814745005,-0.44210715195204003
-12.114879173807578,-0.1867420744187761,-0.44210715195204003
-12.10170815722777,-0.19297667069010216,-0.44210715195204003
-12.088537140647963,-0.1992112669614282,-0.44210715195204003
-12.075366124068156,-0.20544586323275427,-0.44210715195204003
-12.06219510748835,-0.21168045950408027,-0.44210715195204003
-12.049024090908542,-0.21791505577540632,-0.44210715195204003
-12.035853074328735,-0.22414965204673237,-0.44210715195204003
-12.022682057748927,-0.23038424831805843,-0.44210715195204003
-12.00951104116912,-0.23661884458938448,-0.44210715195204003
-11.996340024589312,-0.2428534408607106,-0.44210715195204003
-11.983169008009504,-0.24908803713203664,-0.44210715195204003
-11.969997991429697,-0.2553226334033626,-0.44210715195204003
-11.95682697484989,-0.26155722967468864,-0.44210715195204003
-11.943655958270082,-0.2677918259460147,-0.44210715195204003
-11.930484941690274,-0.27402642221734075,-0.44210715195204003
-11.917313925110468,-0.2802610184886668,-0.44210715195204003
-11.90414290853066,-0.28649561475999286,-0.44210715195204003
-11.890971891950853,-0.2927302110313189,-0.44210715195204003
-11.877800875371046,-0.29896480730264496,-0.44210715195204003
-11.864629858791238,-0.305199403573971,-0.44210715195204003
-11.85145884221143,-0.31143399984529707,-0.44210715195204003
-11.838287825631623,-0.3176685961166231,-0.44210715195204003
-11.825116809051815,-0.3239031923879492,-0.44210715195204003
-11.81194579247201,-0.3301377886592751,-0.44210715195204003
-11.798774775892202,-0.3363723849306012,-0.44210715195204003
-11.785603759312394,-0.34260698120192723,-0.44210715195204003
-11.772432742732587,-0.3488415774732533,-0.44210715195204003
-11.75926172615278,-0.35507617374457934,-0.44210715195204003
-11.746090709572972,-0.3613107700159054,-0.44210715195204003
-11.732919692993164,-0.36754536628723145,-0.44210715195204003
-11.715459993570159,-0.37050026832240646,-0.1676526646540679
-11.698000294147151,-0.3734551703575814,-0.1676526646540679
-11.680540594724146,-0.37641007239275637,-0.1676526646540679
-11.663080895301139,-0.3793649744279314,-0.1676526646540679
-11.645621195878133,-0.3823198764631064,-0.1676526646540679
-11.628161496455126,-0.38527477849828135,-0.1676526646540679
-11.610701797032121,-0.38822968053345636,-0.1676526646540679
-11.593242097609114,-0.3911845825686313,-0.1676526646540679
-11.575782398186108,-0.3941394846038063,-0.1676526646540679
-11.558322698763101,-0.3970943866389813,-0.1676526646540679
-11.540862999340096,-0.40004928867415623,-0.1676526646540679
-11.523403299917089,-0.40300419070933124,-0.1676526646540679
-11.505943600494083,-0.40595909274450626,-0.1676526646540679
-11.488483901071076,-0.4089139947796812,-0.1676526646540679
-11.47102420164807,-0.41186889681485617,-0.1676526646540679
-11.453564502225063,-0.4148237988500312,-0.1676526646540679
-11.436104802802058,-0.4177787008852062,-0.1676526646540679
-11.41864510337905,-0.42073360292038114,-0.1676526646540679
-11.401185403956045,-0.42368850495555616,-0.1676526646540679
-11.383725704533038,-0.4266434069907311,-0.1676526646540679
-11.366266005110033,-0.4295983090259061,-0.1676526646540679
-11.348806305687026,-0.4325532110610811,-0.1676526646540679
-11.33134660626402,-0.4355081130962561,-0.1676526646540679
-11.313886906841013,-0.43846301513143104,-0.1676526646540679
-11.296427207418008,-0.44141791716660606,-0.1676526646540679
-11.278967507995,-0.444372819201781,-0.1676526646540679
-11.261507808571995,-0.447327721236956,-0.1676526646540679
-11.244048109148988,-0.450282623272131,-0.1676526646540679
-11.226588409725982,-0.453237525307306,-0.1676526646540679
-11.209128710302975,-0.45619242734248094,-0.1676526646540679
-11.19166901087997,-0.45914732937765595,-0.1676526646540679
-11.174209311456963,-0.4621022314128309,-0.1676526646540679
-11.156749612033957,-0.4650571334480059,-0.1676526646540679
-11.139289912610952,-0.4680120354831809,-0.1676526646540679
-11.121830213187945,-0.47096693751835583,-0.1676526646540679
-11.10437051376494,-0.47392183955353084,-0.1676526646540679
-11.086910814341932,-0.47687674158870585,-0.1676526646540679
-11.069451114918927,-0.4798316436238808,-0.1676526646540679
-11.05199141549592,-0.4827865456590558,-0.1676526646540679
-11.034531716072914,-0.4857414476942308,-0.1676526646540679
-11.017072016649907,-0.4886963497294058,-0.1676526646540679
-10.999612317226902,-0.49165125176458074,-0.1676526646540679
-10.982152617803894,-0.4946061537997557,-0.1676526646540679
-10.964692918380889,-0.4975610558349307,-0.1676526646540679
-10.947233218957882,-0.5005159578701057,-0.1676526646540679
-10.929773519534876,-0.5034708599052807,-0.1676526646540679
-10.91231382011187,-0.5064257619404557,-0.1676526646540679
-10.894854120688864,-0.5093806639756306,-0.1676526646540679
-10.877394421265857,-0.5123355660108057,-0.1676526646540679
-10.859934721842851,-0.5152904680459807,-0.1676526646540679
-10.842475022419844,-0.5182453700811556,-0.1676526646540679
-10.825015322996839,-0.5212002721163306,-0.1676526646540679
-10.807555623573831,-0.5241551741515056,-0.1676526646540679
-10.790095924150826,-0.5271100761866806,-0.1676526646540679
-10.772636224727819,-0.5300649782218556,-0.1676526646540679
-10.755176525304813,-0.5330198802570305,-0.1676526646540679
-10.737716825881806,-0.5359747822922055,-0.1676526646540679
-10.720257126458801,-0.5389296843273805,-0.1676526646540679
-10.702797427035794,-0.5418845863625554,-0.1676526646540679
-10.685337727612788,-0.5448394883977304,-0.1676526646540679
-10.667878028189781,-0.5477943904329055,-0.1676526646540679
-10.650418328766776,-0.5507492924680805,-0.1676526646540679
-10.632958629343769,-0.5537041945032555,-0.1676526646540679
-10.615498929920763,-0.5566590965384304,-0.1676526646540679
-10.598039230497758,-0.5596139985736054,-0.1676526646540679
-10.58057953107475,-0.5625689006087804,-0.1676526646540679
-10.563119831651743,-0.5655238026439553,-0.1676526646540679
-10.545660132228738,-0.5684787046791303,-0.1676526646540679
-10.528200432805733,-0.5714336067143053,-0.1676526646540679
-10.510740733382725,-0.5743885087494802,-0.1676526646540679
-10.49328103395972,-0.5773434107846552,-0.1676526646540679
-10.475821334536713,-0.5802983128198302,-0.1676526646540679
-10.458361635113707,-0.5832532148550053,-0.1676526646540679
-10.4409019356907,-0.5862081168901803,-0.1676526646540679
-10.423442236267695,-0.5891630189253552,-0.1676526646540679
-10.405982536844688,-0.5921179209605302,-0.1676526646540679
-10.388522837421682,-0.5950728229957052,-0.1676526646540679
-10.371063137998675,-0.5980277250308802,-0.1676526646540679
-10.35360343857567,-0.6009826270660552,-0.1676526646540679
-10.336143739152662,-0.6039375291012301,-0.1676526646540679
-10.318684039729657,-0.6068924311364051,-0.1676526646540679
-10.30122434030665,-0.6098473331715801,-0.1676526646540679
-10.283764640883645,-0.612802235206755,-0.1676526646540679
-10.266304941460637,-0.61575713724193,-0.1676526646540679
-10.248845242037632,-0.618712039277105,-0.1676526646540679
-10.231385542614625,-0.62166694131228,-0.1676526646540679
-10.21392584319162,-0.6246218433474551,-0.1676526646540679
-10.196466143768612,-0.62757674538263,-0.1676526646540679
-10.179006444345607,-0.630531647417805,-0.1676526646540679
-10.1615467449226,-0.63348654945298,-0.1676526646540679
-10.144087045499594,-0.6364414514881549,-0.1676526646540679
-10.126627346076587,-0.63939635352333,-0.1676526646540679
-10.109167646653582,-0.6423512555585049,-0.1676526646540679
-10.091707947230574,-0.6453061575936799,-0.1676526646540679
-10.074248247807569,-0.6482610596288549,-0.1676526646540679
-10.056788548384564,-0.6512159616640298,-0.1676526646540679
-10.039328848961556,-0.6541708636992049,-0.1676526646540679
-10.02186914953855,-0.6571257657343799,-0.1676526646540679
-10.004409450115544,-0.6600806677695548,-0.1676526646540679
-9.986949750692538,-0.6630355698047298,-0.1676526646540679
-9.969490051269531,-0.6659904718399048,-0.1676526646540679
-9.946027151428828,-0.6690354323623204,-0.1290563648507951
-9.922564251588122,-0.672080392884736,-0.1290563648507951
-9.899101351747419,-0.6751253534071516,-0.1290563648507951
-9.875638451906713,-0.6781703139295673,-0.1290563648507951
-9.85217555206601,-0.6812152744519828,-0.1290563648507951
-9.828712652225306,-0.6842602349743985,-0.1290563648507951
-9.8052497523846,-0.6873051954968141,-0.1290563648507951
-9.781786852543897,-0.6903501560192297,-0.1290563648507951
-9.758323952703194,-0.6933951165416453,-0.1290563648507951
-9.734861052862488,-0.696440077064061,-0.1290563648507951
-9.711398153021785,-0.6994850375864765,-0.1290563648507951
-9.68793525318108,-0.7025299981088922,-0.1290563648507951
-9.664472353340376,-0.7055749586313078,-0.1290563648507951
-9.641009453499672,-0.7086199191537234,-0.1290563648507951
-9.617546553658967,-0.711664879676139,-0.1290563648507951
-9.594083653818263,-0.7147098401985547,-0.1290563648507951
-9.570620753977558,-0.7177548007209702,-0.1290563648507951
-9.547157854136854,-0.7207997612433859,-0.1290563648507951
-9.52369495429615,-0.7238447217658015,-0.1290563648507951
-9.500232054455445,-0.726889682288217,-0.1290563648507951
-9.476769154614741,-0.7299346428106327,-0.1290563648507951
-9.453306254774038,-0.7329796033330483,-0.1290563648507951
-9.429843354933332,-0.7360245638554639,-0.1290563648507951
-9.406380455092629,-0.7390695243778795,-0.1290563648507951
-9.382917555251924,-0.7421144849002952,-0.1290563648507951
-9.35945465541122,-0.7451594454227107,-0.1290563648507951
-9.335991755570516,-0.7482044059451264,-0.1290563648507951
-9.312528855729811,-0.751249366467542,-0.1290563648507951
-9.289065955889107,-0.7542943269899576,-0.1290563648507951
-9.265603056048402,-0.7573392875123732,-0.1290563648507951
-9.242140156207698,-0.7603842480347889,-0.1290563648507951
-9.218677256366995,-0.7634292085572044,-0.1290563648507951
-9.19521435652629,-0.7664741690796201,-0.1290563648507951
-9.171751456685586,-0.7695191296020357,-0.1290563648507951
-9.148288556844882,-0.7725640901244513,-0.1290563648507951
-9.124825657004177,-0.7756090506468669,-0.1290563648507951
-9.101362757163473,-0.7786540111692826,-0.1290563648507951
-9.077899857322768,-0.7816989716916981,-0.1290563648507951
-9.054436957482064,-0.7847439322141138,-0.1290563648507951
-9.030974057641359,-0.7877888927365294,-0.1290563648507951
-9.007511157800655,-0.790833853258945,-0.1290563648507951
-8.984048257959952,-0.7938788137813606,-0.1290563648507951
-8.960585358119246,-0.7969237743037763,-0.1290563648507951
-8.937122458278543,-0.7999687348261918,-0.1290563648507951
-8.913659558437839,-0.8030136953486074,-0.1290563648507951
-8.890196658597134,-0.806058655871023,-0.1290563648507951
-8.86673375875643,-0.8091036163934386,-0.1290563648507951
-8.843270858915727,-0.8121485769158543,-0.1290563648507951
-8.819807959075021,-0.8151935374382699,-0.1290563648507951
-8.796345059234318,-0.8182384979606855,-0.1290563648507951
-8.772882159393612,-0.8212834584831011,-0.1290563648507951
-8.749419259552909,-0.8243284190055167,-0.1290563648507951
-8.725956359712203,-0.8273733795279323,-0.1290563648507951
-8.7024934598715,-0.830418340050348,-0.1290563648507951
-8.679030560030796,-0.8334633005727636,-0.1290563648507951
-8.65556766019009,-0.8365082610951792,-0.1290563648507951
-8.632104760349387,-0.8395532216175948,-0.1290563648507951
-8.608641860508683,-0.8425981821400104,-0.1290563648507951
-8.585178960667978,-0.845643142662426,-0.1290563648507951
-8.561716060827274,-0.8486881031848417,-0.1290563648507951
-8.53825316098657,-0.8517330637072573,-0.1290563648507951
-8.514790261145865,-0.8547780242296729,-0.1290563648507951
-8.491327361305162,-0.8578229847520885,-0.1290563648507951
-8.467864461464456,-0.860867945274504,-0.1290563648507951
-8.444401561623753,-0.8639129057969197,-0.1290563648507951
-8.420938661783048,-0.8669578663193354,-0.1290563648507951
-8.397475761942344,-0.870002826841751,-0.1290563648507951
-8.37401286210164,-0.8730477873641665,-0.1290563648507951
-8.350549962260935,-0.8760927478865822,-0.1290563648507951
-8.327087062420231,-0.8791377084089977,-0.1290563648507951
-8.303624162579528,-0.8821826689314134,-0.1290563648507951
-8.280161262738822,-0.885227629453829,-0.1290563648507951
-8.256698362898119,-0.8882725899762446,-0.1290563648507951
-8.233235463057415,-0.8913175504986602,-0.1290563648507951
-8.20977256321671,-0.8943625110210759,-0.1290563648507951
-8.186309663376006,-0.8974074715434914,-0.1290563648507951
-8.1628467635353,-0.9004524320659071,-0.1290563648507951
-8.139383863694597,-0.9034973925883227,-0.1290563648507951
-8.115920963853892,-0.9065423531107384,-0.1290563648507951
-8.092458064013188,-0.9095873136331539,-0.1290563648507951
-8.068995164172485,-0.9126322741555696,-0.1290563648507951
-8.04553226433178,-0.9156772346779851,-0.1290563648507951
-8.022069364491076,-0.9187221952004008,-0.1290563648507951
-7.998606464650371,-0.9217671557228164,-0.1290563648507951
-7.975143564809667,-0.9248121162452321,-0.1290563648507951
-7.951680664968963,-0.9278570767676476,-0.1290563648507951
-7.928217765128259,-0.9309020372900632,-0.1290563648507951
-7.904754865287554,-0.9339469978124788,-0.1290563648507951
-7.8812919654468505,-0.9369919583348945,-0.1290563648507951
-7.857829065606145,-0.9400369188573101,-0.1290563648507951
-7.8343661657654415,-0.9430818793797258,-0.1290563648507951
-7.810903265924737,-0.9461268399021413,-0.1290563648507951
-7.787440366084033,-0.949171800424557,-0.1290563648507951
-7.763977466243329,-0.9522167609469725,-0.1290563648507951
-7.7405145664026245,-0.9552617214693881,-0.1290563648507951
-7.71705166656192,-0.9583066819918038,-0.1290563648507951
-7.6935887667212155,-0.9613516425142193,-0.1290563648507951
-7.670125866880511,-0.964396603036635,-0.1290563648507951
-7.646662967039807,-0.9674415635590505,-0.1290563648507951
-7.623200067199103,-0.9704865240814662,-0.1290563648507951
-7.599737167358398,-0.9735314846038818,-0.1290563648507951
-7.571898252657144,-0.9764841063187855,-0.10566592131535676
-7.544059337955891,-0.979436728033689,-0.10566592131535676
-7.516220423254636,-0.9823893497485926,-0.10566592131535676
-7.488381508553382,-0.9853419714634961,-0.10566592131535676
-7.460542593852128,-0.9882945931783997,-0.10566592131535676
-7.432703679150874,-0.9912472148933033,-0.10566592131535676
-7.40486476444962,-0.9941998366082069,-0.10566592131535676
-7.377025849748366,-0.9971524583231105,-0.10566592131535676
-7.349186935047112,-1.000105080038014,-0.10566592131535676
-7.321348020345858,-1.0030577017529176,-0.10566592131535676
-7.2935091056446035,-1.0060103234678213,-0.10566592131535676
-7.26567019094335,-1.0089629451827247,-0.10566592131535676
-7.237831276242096,-1.0119155668976283,-0.10566592131535676
-7.209992361540841,-1.014868188612532,-0.10566592131535676
-7.182153446839587,-1.0178208103274355,-0.10566592131535676
-7.154314532138334,-1.0207734320423392,-0.10566592131535676
-7.126475617437079,-1.0237260537572426,-0.10566592131535676
-7.098636702735825,-1.0266786754721462,-0.10566592131535676
-7.070797788034572,-1.0296312971870498,-0.10566592131535676
-7.042958873333317,-1.0325839189019534,-0.10566592131535676
-7.015119958632063,-1.0355365406168568,-0.10566592131535676
-6.987281043930809,-1.0384891623317605,-0.10566592131535676
-6.959442129229555,-1.041441784046664,-0.10566592131535676
-6.931603214528301,-1.0443944057615677,-0.10566592131535676
-6.9037642998270465,-1.0473470274764713,-0.10566592131535676
-6.875925385125793,-1.0502996491913748,-0.10566592131535676
-6.848086470424539,-1.0532522709062784,-0.10566592131535676
-6.8202475557232844,-1.056204892621182,-0.10566592131535676
-6.792408641022031,-1.0591575143360856,-0.10566592131535676
-6.764569726320777,-1.062110136050989,-0.10566592131535676
-6.736730811619522,-1.0650627577658927,-0.10566592131535676
-6.708891896918269,-1.0680153794807963,-0.10566592131535676
-6.681052982217015,-1.0709680011957,-0.10566592131535676
-6.65321406751576,-1.0739206229106035,-0.10566592131535676
-6.625375152814506,-1.076873244625507,-0.10566592131535676
-6.5975362381132525,-1.0798258663404106,-0.10566592131535676
-6.569697323411998,-1.0827784880553142,-0.10566592131535676
-6.541858408710744,-1.0857311097702178,-0.10566592131535676
-6.51401949400949,-1.0886837314851214,-0.10566592131535676
-6.486180579308236,-1.0916363532000248,-0.10566592131535676
-6.458341664606982,-1.0945889749149285,-0.10566592131535676
-6.4305027499057275,-1.097541596629832,-0.10566592131535676
-6.402663835204474,-1.1004942183447357,-0.10566592131535676
-6.37482492050322,-1.1034468400596391,-0.10566592131535676
-6.346986005801965,-1.1063994617745427,-0.10566592131535676
-6.319147091100712,-1.1093520834894464,-0.10566592131535676
-6.291308176399458,-1.11230470520435,-0.10566592131535676
-6.263469261698203,-1.1152573269192536,-0.10566592131535676
-6.235630346996949,-1.118209948634157,-0.10566592131535676
-6.2077914322956955,-1.1211625703490606,-0.10566592131535676
-6.179952517594441,-1.1241151920639643,-0.10566592131535676
-6.152113602893188,-1.1270678137788679,-0.10566592131535676
-6.124274688191933,-1.1300204354937713,-0.10566592131535676
-6.096435773490679,-1.132973057208675,-0.10566592131535676
-6.068596858789425,-1.1359256789235785,-0.10566592131535676
-6.0407579440881705,-1.1388783006384822,-0.10566592131535676
-6.012919029386917,-1.1418309223533858,-0.10566592131535676
-5.985080114685663,-1.1447835440682892,-0.10566592131535676
-5.957241199984409,-1.1477361657831928,-0.10566592131535676
-5.929402285283155,-1.1506887874980964,-0.10566592131535676
-5.901563370581901,-1.153641409213,-0.10566592131535676
-5.873724455880646,-1.1565940309279035,-0.10566592131535676
-5.845885541179393,-1.159546652642807,-0.10566592131535676
-5.8180466264781385,-1.1624992743577107,-0.10566592131535676
-5.790207711776884,-1.1654518960726143,-0.10566592131535676
-5.762368797075631,-1.168404517787518,-0.10566592131535676
-5.734529882374376,-1.1713571395024216,-0.10566592131535676
-5.706690967673122,-1.174309761217325,-0.10566592131535676
-5.678852052971868,-1.1772623829322286,-0.10566592131535676
-5.651013138270614,-1.1802150046471322,-0.10566592131535676
-5.62317422356936,-1.1831676263620357,-0.10566592131535676
-5.595335308868107,-1.1861202480769393,-0.10566592131535676
-5.567496394166852,-1.189072869791843,-0.10566592131535676
-5.539657479465598,-1.1920254915067465,-0.10566592131535676
-5.511818564764344,-1.1949781132216502,-0.10566592131535676
-5.483979650063089,-1.1979307349365538,-0.10566592131535676
-5.456140735361836,-1.2008833566514572,-0.10566592131535676
-5.4283018206605815,-1.2038359783663608,-0.10566592131535676
-5.400462905959328,-1.2067886000812644,-0.10566592131535676
-5.372623991258074,-1.209741221796168,-0.10566592131535676
-5.3447850765568194,-1.2126938435110715,-0.10566592131535676
-5.316946161855565,-1.215646465225975,-0.10566592131535676
-5.289107247154312,-1.2185990869408787,-0.10566592131535676
-5.261268332453057,-1.2215517086557823,-0.10566592131535676
-5.233429417751804,-1.224504330370686,-0.10566592131535676
-5.20559050305055,-1.2274569520855894,-0.10566592131535676
-5.177751588349295,-1.230409573800493,-0.10566592131535676
-5.149912673648041,-1.2333621955153966,-0.10566592131535676
-5.122073758946787,-1.2363148172303,-0.10566592131535676
-5.094234844245532,-1.2392674389452036,-0.10566592131535676
-5.066395929544279,-1.2422200606601073,-0.10566592131535676
-5.0385570148430245,-1.2451726823750109,-0.10566592131535676
-5.010718100141771,-1.2481253040899145,-0.10566592131535676
-4.982879185440517,-1.2510779258048181,-0.10566592131535676
-4.9550402707392625,-1.2540305475197215,-0.10566592131535676
-4.927201356038008,-1.2569831692346252,-0.10566592131535676
-4.899362441336755,-1.2599357909495288,-0.10566592131535676
-4.8715235266355,-1.2628884126644322,-0.10566592131535676
-4.843684611934247,-1.2658410343793358,-0.10566592131535676
-4.815845697232993,-1.2687936560942394,-0.10566592131535676
-4.788006782531738,-1.271746277809143,-0.10566592131535676
-4.763191199538731,-1.2732744547400143,-0.06150367556706367
-4.738375616545724,-1.2748026316708858,-0.06150367556706367
-4.713560033552717,-1.276330808601757,-0.06150367556706367
-4.68874445055971,-1.2778589855326283,-0.06150367556706367
-4.663928867566703,-1.2793871624634998,-0.06150367556706367
-4.639113284573696,-1.280915339394371,-0.06150367556706367
-4.61429770158069,-1.2824435163252423,-0.06150367556706367
-4.589482118587683,-1.2839716932561138,-0.06150367556706367
-4.564666535594676,-1.285499870186985,-0.06150367556706367
-4.539850952601669,-1.2870280471178566,-0.06150367556706367
-4.515035369608662,-1.2885562240487278,-0.06150367556706367
-4.490219786615655,-1.290084400979599,-0.06150367556706367
-4.465404203622648,-1.2916125779104706,-0.06150367556706367
-4.440588620629641,-1.2931407548413418,-0.06150367556706367
-4.415773037636634,-1.294668931772213,-0.06150367556706367
-4.390957454643627,-1.2961971087030846,-0.06150367556706367
-4.36614187165062,-1.2977252856339558,-0.06150367556706367
-4.341326288657613,-1.299253462564827,-0.06150367556706367
-4.316510705664607,-1.3007816394956986,-0.06150367556706367
-4.2916951226716,-1.3023098164265698,-0.06150367556706367
-4.266879539678593,-1.303837993357441,-0.06150367556706367
-4.242063956685586,-1.3053661702883126,-0.06150367556706367
-4.217248373692579,-1.3068943472191838,-0.06150367556706367
-4.192432790699572,-1.3084225241500553,-0.06150367556706367
-4.167617207706565,-1.3099507010809266,-0.06150367556706367
-4.142801624713558,-1.3114788780117979,-0.06150367556706367
-4.117986041720551,-1.3130070549426693,-0.06150367556706367
-4.093170458727544,-1.3145352318735406,-0.06150367556706367
-4.068354875734537,-1.3160634088044119,-0.06150367556706367
-4.04353929274153,-1.3175915857352833,-0.06150367556706367
-4.018723709748523,-1.3191197626661546,-0.06150367556706367
-3.993908126755516,-1.3206479395970259,-0.06150367556706367
-3.969092543762509,-1.3221761165278973,-0.06150367556706367
-3.944276960769502,-1.3237042934587686,-0.06150367556706367
-3.9194613777764955,-1.3252324703896399,-0.06150367556706367
-3.8946457947834885,-1.3267606473205114,-0.06150367556706367
-3.8698302117904815,-1.3282888242513826,-0.06150367556706367
-3.8450146287974745,-1.329817001182254,-0.06150367556706367
-3.8201990458044675,-1.3313451781131254,-0.06150367556706367
-3.7953834628114604,-1.3328733550439966,-0.06150367556706367
-3.7705678798184534,-1.334401531974868,-0.06150367556706367
-3.745752296825447,-1.3359297089057394,-0.06150367556706367
-3.72093671383244,-1.3374578858366106,-0.06150367556706367
-3.696121130839433,-1.338986062767482,-0.06150367556706367
-3.671305547846426,-1.3405142396983534,-0.06150367556706367
-3.646489964853419,-1.3420424166292246,-0.06150367556706367
-3.6216743818604122,-1.3435705935600961,-0.06150367556706367
-3.5968587988674052,-1.3450987704909674,-0.06150367556706367
-3.572043215874398,-1.3466269474218386,-0.06150367556706367
-3.547227632881391,-1.3481551243527101,-0.06150367556706367
-3.522412049888384,-1.3496833012835814,-0.06150367556706367
-3.497596466895377,-1.3512114782144529,-0.06150367556706367
-3.47278088390237,-1.3527396551453241,-0.06150367556706367
-3.447965300909363,-1.3542678320761954,-0.06150367556706367
-3.423149717916356,-1.3557960090070669,-0.06150367556706367
-3.398334134923349,-1.3573241859379381,-0.06150367556706367
-3.373518551930343,-1.3588523628688094,-0.06150367556706367
-3.348702968937336,-1.3603805397996809,-0.06150367556706367
-3.323887385944329,-1.3619087167305521,-0.06150367556706367
-3.299071802951322,-1.3634368936614234,-0.06150367556706367
-3.274256219958315,-1.3649650705922949,-0.06150367556706367
-3.249440636965308,-1.3664932475231661,-0.06150367556706367
-3.224625053972301,-1.3680214244540374,-0.06150367556706367
-3.199809470979294,-1.3695496013849089,-0.06150367556706367
-3.174993887986287,-1.3710777783157801,-0.06150367556706367
-3.15017830499328,-1.3726059552466516,-0.06150367556706367
-3.125362722000273,-1.374134132177523,-0.06150367556706367
-3.100547139007266,-1.3756623091083942,-0.06150367556706367
-3.075731556014259,-1.3771904860392656,-0.06150367556706367
-3.0509159730212527,-1.378718662970137,-0.06150367556706367
-3.0261003900282457,-1.3802468399010082,-0.06150367556706367
-3.0012848070352387,-1.3817750168318796,-0.06150367556706367
-2.9764692240422317,-1.383303193762751,-0.06150367556706367
-2.9516536410492247,-1.3848313706936222,-0.06150367556706367
-2.9268380580562177,-1.3863595476244936,-0.06150367556706367
-2.9020224750632106,-1.387887724555365,-0.06150367556706367
-2.8772068920702036,-1.3894159014862362,-0.06150367556706367
-2.8523913090771966,-1.3909440784171077,-0.06150367556706367
-2.8275757260841896,-1.392472255347979,-0.06150367556706367
-2.8027601430911826,-1.3940004322788504,-0.06150367556706367
-2.777944560098176,-1.3955286092097217,-0.06150367556706367
-2.753128977105169,-1.397056786140593,-0.06150367556706367
-2.728313394112162,-1.3985849630714644,-0.06150367556706367
-2.7034978111191554,-1.4001131400023357,-0.06150367556706367
-2.6786822281261484,-1.401641316933207,-0.06150367556706367
-2.6538666451331414,-1.4031694938640784,-0.06150367556706367
-2.6290510621401344,-1.4046976707949497,-0.06150367556706367
-2.6042354791471274,-1.406225847725821,-0.06150367556706367
-2.5794198961541204,-1.4077540246566924,-0.06150367556706367
-2.5546043131611134,-1.4092822015875637,-0.06150367556706367
-2.5297887301681063,-1.410810378518435,-0.06150367556706367
-2.5049731471750993,-1.4123385554493064,-0.06150367556706367
-2.4801575641820928,-1.4138667323801777,-0.06150367556706367
-2.4553419811890858,-1.4153949093110492,-0.06150367556706367
-2.4305263981960787,-1.4169230862419204,-0.06150367556706367
-2.4057108152030717,-1.4184512631727917,-0.06150367556706367
-2.380895232210065,-1.419979440103663,-0.06150367556706367
-2.356079649217058,-1.4215076170345344,-0.06150367556706367
-2.331264066224051,-1.4230357939654057,-0.06150367556706367
-2.306448483231044,-1.4245639708962772,-0.06150367556706367
-2.281632900238037,-1.4260921478271484,-0.06150367556706367
-2.257104512488488,-1.4294474502601247,-0.1359488424011121
-2.2325761247389386,-1.4328027526931006,-0.1359488424011121
-2.2080477369893896,-1.4361580551260769,-0.1359488424011121
-2.18351934923984,-1.439513357559053,-0.1359488424011121
-2.158990961490291,-1.442868659992029,-0.1359488424011121
-2.134462573740742,-1.4462239624250053,-0.1359488424011121
-2.1099341859911926,-1.4495792648579815,-0.1359488424011121
-2.0854057982416436,-1.4529345672909577,-0.1359488424011121
-2.0608774104920946,-1.4562898697239337,-0.1359488424011121
-2.036349022742545,-1.45964517215691,-0.1359488424011121
-2.011820634992996,-1.4630004745898861,-0.1359488424011121
-1.9872922472434469,-1.4663557770228621,-0.1359488424011121
-1.9627638594938976,-1.4697110794558383,-0.1359488424011121
-1.9382354717443484,-1.4730663818888146,-0.1359488424011121
-1.9137070839947994,-1.4764216843217906,-0.1359488424011121
-1.8891786962452501,-1.4797769867547668,-0.1359488424011121
-1.864650308495701,-1.483132289187743,-0.1359488424011121
-1.8401219207461517,-1.486487591620719,-0.1359488424011121
-1.8155935329966026,-1.4898428940536952,-0.1359488424011121
-1.7910651452470534,-1.4931981964866714,-0.1359488424011121
-1.7665367574975042,-1.4965534989196476,-0.1359488424011121
-1.7420083697479551,-1.4999088013526236,-0.1359488424011121
-1.7174799819984057,-1.5032641037855998,-0.1359488424011121
-1.6929515942488567,-1.506619406218576,-0.1359488424011121
-1.6684232064993074,-1.509974708651552,-0.1359488424011121
-1.6438948187497582,-1.5133300110845282,-0.1359488424011121
-1.6193664310002092,-1.5166853135175045,-0.1359488424011121
-1.5948380432506597,-1.5200406159504805,-0.1359488424011121
-1.5703096555011107,-1.5233959183834567,-0.1359488424011121
-1.5457812677515617,-1.5267512208164329,-0.1359488424011121
-1.5212528800020122,-1.530106523249409,-0.1359488424011121
-1.4967244922524632,-1.533461825682385,-0.1359488424011121
-1.472196104502914,-1.5368171281153613,-0.1359488424011121
-1.4476677167533647,-1.5401724305483375,-0.1359488424011121
-1.4231393290038157,-1.5435277329813135,-0.1359488424011121
-1.3986109412542664,-1.5468830354142897,-0.1359488424011121
-1.3740825535047172,-1.550238337847266,-0.1359488424011121
-1.3495541657551682,-1.553593640280242,-0.1359488424011121
-1.3250257780056187,-1.5569489427132182,-0.1359488424011121
-1.3004973902560697,-1.5603042451461944,-0.1359488424011121
-1.2759690025065205,-1.5636595475791704,-0.1359488424011121
-1.2514406147569714,-1.5670148500121466,-0.1359488424011121
-1.2269122270074222,-1.5703701524451228,-0.1359488424011121
-1.202383839257873,-1.5737254548780988,-0.1359488424011121
-1.1778554515083237,-1.577080757311075,-0.1359488424011121
-1.1533270637587745,-1.5804360597440512,-0.1359488424011121
-1.1287986760092252,-1.5837913621770274,-0.1359488424011121
-1.1042702882596762,-1.5871466646100034,-0.1359488424011121
-1.079741900510127,-1.5905019670429796,-0.1359488424011121
-1.0552135127605777,-1.5938572694759559,-0.1359488424011121
-1.0306851250110287,-1.5972125719089318,-0.1359488424011121
-1.0061567372614795,-1.600567874341908,-0.1359488424011121
-0.9816283495119302,-1.6039231767748843,-0.1359488424011121
-0.957099961762381,-1.6072784792078605,-0.1359488424011121
-0.9325715740128317,-1.6106337816408365,-0.1359488424011121
-0.9080431862632825,-1.6139890840738127,-0.1359488424011121
-0.8835147985137337,-1.6173443865067887,-0.1359488424011121
-0.8589864107641845,-1.620699688939765,-0.1359488424011121
-0.8344580230146352,-1.6240549913727411,-0.1359488424011121
-0.809929635265086,-1.6274102938057173,-0.1359488424011121
-0.7854012475155367,-1.6307655962386933,-0.1359488424011121
-0.7608728597659875,-1.6341208986716695,-0.1359488424011121
-0.7363444720164385,-1.6374762011046458,-0.1359488424011121
-0.7118160842668892,-1.6408315035376217,-0.1359488424011121
-0.68728769651734,-1.644186805970598,-0.1359488424011121
-0.6627593087677908,-1.6475421084035742,-0.1359488424011121
-0.6382309210182415,-1.6508974108365502,-0.1359488424011121
-0.6137025332686923,-1.6542527132695264,-0.1359488424011121
-0.5891741455191433,-1.6576080157025026,-0.1359488424011121
-0.5646457577695942,-1.6609633181354786,-0.1359488424011121
-0.540117370020045,-1.6643186205684548,-0.1359488424011121
-0.5155889822704958,-1.667673923001431,-0.1359488424011121
-0.4910605945209465,-1.671029225434407,-0.1359488424011121
-0.4665322067713973,-1.6743845278673832,-0.1359488424011121
-0.44200381902184827,-1.6777398303003594,-0.1359488424011121
-0.417475431272299,-1.6810951327333357,-0.1359488424011121
-0.3929470435227498,-1.6844504351663119,-0.1359488424011121
-0.36841865577320054,-1.6878057375992879,-0.1359488424011121
-0.3438902680236513,-1.691161040032264,-0.1359488424011121
-0.31936188027410206,-1.6945163424652403,-0.1359488424011121
-0.29483349252455304,-1.6978716448982163,-0.1359488424011121
-0.2703051047750038,-1.7012269473311925,-0.1359488424011121
-0.24577671702545478,-1.7045822497641687,-0.1359488424011121
-0.22124832927590576,-1.7079375521971447,-0.1359488424011121
-0.1967199415263563,-1.711292854630121,-0.1359488424011121
-0.17219155377680728,-1.7146481570630971,-0.1359488424011121
-0.14766316602725782,-1.7180034594960731,-0.1359488424011121
-0.1231347782777088,-1.7213587619290494,-0.1359488424011121
-0.09860639052815934,-1.7247140643620256,-0.1359488424011121
-0.07407800277861032,-1.7280693667950016,-0.1359488424011121
-0.0495496150290613,-1.7314246692279778,-0.1359488424011121
-0.025021227279511837,-1.734779971660954,-0.1359488424011121
-0.0004928395299628185,-1.73813527409393,-0.1359488424011121
0.024035548219586644,-1.7414905765269062,-0.1359488424011121
0.04856393596913522,-1.7448458789598824,-0.1359488424011121
0.07309232371868468,-1.7482011813928584,-0.1359488424011121
0.0976207114682337,-1.7515564838258346,-0.1359488424011121
0.12214909921778316,-1.7549117862588108,-0.1359488424011121
0.14667748696733218,-1.7582670886917868,-0.1359488424011121
0.17120587471688165,-1.761622391124763,-0.1359488424011121
0.19573426246643066,-1.7649776935577393,-0.1359488424011121
0.21836637034274564,-1.7668426497147816,-0.08221735663395459
0.24099847821906062,-1.7687076058718239,-0.08221735663395459
0.2636305860953756,-1.770572562028866,-0.08221735663395459
0.2862626939716906,-1.7724375181859082,-0.08221735663395459
0.30889480184800555,-1.7743024743429505,-0.08221735663395459
0.33152690972432053,-1.7761674304999928,-0.08221735663395459
0.3541590176006355,-1.778032386657035,-0.08221735663395459
0.3767911254769505,-1.7798973428140772,-0.08221735663395459
0.39942323335326546,-1.7817622989711195,-0.08221735663395459
0.42205534122958044,-1.7836272551281618,-0.08221735663395459
0.4446874491058954,-1.785492211285204,-0.08221735663395459
0.46731955698221034,-1.7873571674422462,-0.08221735663395459
0.48995166485852537,-1.7892221235992884,-0.08221735663395459
0.5125837727348403,-1.7910870797563307,-0.08221735663395459
0.5352158806111553,-1.792952035913373,-0.08221735663395459
0.5578479884874703,-1.7948169920704153,-0.08221735663395459
0.5804800963637853,-1.7966819482274574,-0.08221735663395459
0.6031122042401003,-1.7985469043844997,-0.08221735663395459
0.6257443121164152,-1.800411860541542,-0.08221735663395459
0.6483764199927302,-1.8022768166985843,-0.08221735663395459
0.6710085278690452,-1.8041417728556264,-0.08221735663395459
0.6936406357453602,-1.8060067290126687,-0.08221735663395459
0.7162727436216751,-1.807871685169711,-0.08221735663395459
0.73890485149799,-1.8097366413267533,-0.08221735663395459
0.761536959374305,-1.8116015974837956,-0.08221735663395459
0.7841690672506201,-1.8134665536408376,-0.08221735663395459
0.806801175126935,-1.81533150979788,-0.08221735663395459
0.82943328300325,-1.8171964659549222,-0.08221735663395459
0.8520653908795649,-1.8190614221119645,-0.08221735663395459
0.8746974987558799,-1.8209263782690066,-0.08221735663395459
0.8973296066321949,-1.822791334426049,-0.08221735663395459
0.9199617145085098,-1.8246562905830912,-0.08221735663395459
0.9425938223848249,-1.8265212467401335,-0.08221735663395459
0.9652259302611399,-1.8283862028971758,-0.08221735663395459
0.9878580381374548,-1.8302511590542179,-0.08221735663395459
1.0104901460137699,-1.8321161152112602,-0.08221735663395459
1.0331222538900846,-1.8339810713683025,-0.08221735663395459
1.0557543617663998,-1.8358460275253448,-0.08221735663395459
1.0783864696427146,-1.837710983682387,-0.08221735663395459
1.1010185775190298,-1.8395759398394291,-0.08221735663395459
1.1236506853953447,-1.8414408959964714,-0.08221735663395459
1.1462827932716597,-1.8433058521535137,-0.08221735663395459
1.1689149011479745,-1.845170808310556,-0.08221735663395459
1.1915470090242897,-1.847035764467598,-0.08221735663395459
1.2141791169006046,-1.8489007206246404,-0.08221735663395459
1.2368112247769196,-1.8507656767816827,-0.08221735663395459
1.2594433326532346,-1.852630632938725,-0.08221735663395459
1.2820754405295494,-1.8544955890957673,-0.08221735663395459
1.3047075484058643,-1.8563605452528094,-0.08221735663395459
1.3273396562821793,-1.8582255014098517,-0.08221735663395459
1.3499717641584945,-1.860090457566894,-0.08221735663395459
1.3726038720348095,-1.8619554137239362,-0.08221735663395459
1.3952359799111245,-1.8638203698809783,-0.08221735663395459
1.4178680877874394,-1.8656853260380206,-0.08221735663395459
1.4405001956637544,-1.867550282195063,-0.08221735663395459
1.4631323035400694,-1.8694152383521052,-0.08221735663395459
1.4857644114163842,-1.8712801945091475,-0.08221735663395459
1.5083965192926991,-1.8731451506661896,-0.08221735663395459
1.5310286271690141,-1.8750101068232319,-0.08221735663395459
1.553660735045329,-1.8768750629802742,-0.08221735663395459
1.576292842921644,-1.8787400191373165,-0.08221735663395459
1.598924950797959,-1.8806049752943585,-0.08221735663395459
1.621557058674274,-1.8824699314514008,-0.08221735663395459
1.644189166550589,-1.8843348876084431,-0.08221735663395459
1.6668212744269042,-1.8861998437654854,-0.08221735663395459
1.6894533823032192,-1.8880647999225277,-0.08221735663395459
1.7120854901795342,-1.8899297560795698,-0.08221735663395459
1.7347175980558491,-1.891794712236612,-0.08221735663395459
1.757349705932164,-1.8936596683936544,-0.08221735663395459
1.7799818138084789,-1.8955246245506967,-0.08221735663395459
1.8026139216847938,-1.8973895807077388,-0.08221735663395459
1.8252460295611088,-1.899254536864781,-0.08221735663395459
1.8478781374374238,-1.9011194930218234,-0.08221735663395459
1.8705102453137388,-1.9029844491788657,-0.08221735663395459
1.8931423531900538,-1.904849405335908,-0.08221735663395459
1.9157744610663687,-1.9067143614929503,-0.08221735663395459
1.9384065689426837,-1.9085793176499923,-0.08221735663395459
1.9610386768189987,-1.9104442738070346,-0.08221735663395459
1.9836707846953139,-1.912309229964077,-0.08221735663395459
2.006302892571629,-1.9141741861211192,-0.08221735663395459
2.0289350004479436,-1.9160391422781613,-0.08221735663395459
2.051567108324259,-1.9179040984352036,-0.08221735663395459
2.0741992162005736,-1.919769054592246,-0.08221735663395459
2.0968313240768888,-1.9216340107492882,-0.08221735663395459
2.1194634319532035,-1.9234989669063305,-0.08221735663395459
2.1420955398295183,-1.9253639230633726,-0.08221735663395459
2.1647276477058335,-1.9272288792204149,-0.08221735663395459
2.1873597555821487,-1.9290938353774572,-0.08221735663395459
2.2099918634584634,-1.9309587915344995,-0.08221735663395459
2.2326239713347786,-1.9328237476915415,-0.08221735663395459
2.2552560792110934,-1.9346887038485838,-0.08221735663395459
2.2778881870874086,-1.9365536600056261,-0.08221735663395459
2.3005202949637233,-1.9384186161626684,-0.08221735663395459
2.3231524028400385,-1.9402835723197107,-0.08221735663395459
2.3457845107163533,-1.9421485284767528,-0.08221735663395459
2.368416618592668,-1.944013484633795,-0.08221735663395459
2.3910487264689833,-1.9458784407908374,-0.08221735663395459
2.413680834345298,-1.9477433969478797,-0.08221735663395459
2.436312942221613,-1.9496083531049218,-0.08221735663395459
2.458945050097928,-1.951473309261964,-0.08221735663395459
2.481577157974243,-1.9533382654190063,-0.08221735663395459
2.508809514565043,-1.9567638789073076,-0.12513476586821273
2.5360418711558426,-1.9601894923956087,-0.12513476586821273
2.5632742277466423,-1.96361510588391,-0.12513476586821273
2.5905065843374424,-1.967040719372211,-0.12513476586821273
2.617738940928242,-1.9704663328605123,-0.12513476586821273
2.644971297519042,-1.9738919463488136,-0.12513476586821273
2.6722036541098415,-1.9773175598371147,-0.12513476586821273
2.699436010700641,-1.980743173325416,-0.12513476586821273
2.726668367291441,-1.984168786813717,-0.12513476586821273
2.753900723882241,-1.9875944003020183,-0.12513476586821273
2.7811330804730408,-1.9910200137903196,-0.12513476586821273
2.8083654370638405,-1.9944456272786206,-0.12513476586821273
2.83559779365464,-1.997871240766922,-0.12513476586821273
2.86283015024544,-2.001296854255223,-0.12513476586821273
2.8900625068362396,-2.004722467743524,-0.12513476586821273
2.9172948634270393,-2.0081480812318255,-0.12513476586821273
2.9445272200178394,-2.0115736947201266,-0.12513476586821273
2.971759576608639,-2.0149993082084277,-0.12513476586821273
2.998991933199439,-2.018424921696729,-0.12513476586821273
3.0262242897902385,-2.02185053518503,-0.12513476586821273
3.053456646381038,-2.0252761486733313,-0.12513476586821273
3.080689002971838,-2.028701762161633,-0.12513476586821273
3.1079213595626376,-2.032127375649934,-0.12513476586821273
3.1351537161534377,-2.035552989138235,-0.12513476586821273
3.1623860727442374,-2.038978602626536,-0.12513476586821273
3.189618429335037,-2.0424042161148375,-0.12513476586821273
3.216850785925837,-2.0458298296031385,-0.12513476586821273
3.2440831425166365,-2.0492554430914396,-0.12513476586821273
3.2713154991074362,-2.052681056579741,-0.12513476586821273
3.298547855698236,-2.056106670068042,-0.12513476586821273
3.325780212289036,-2.059532283556343,-0.12513476586821273
3.353012568879836,-2.0629578970446447,-0.12513476586821273
3.3802449254706355,-2.0663835105329458,-0.12513476586821273
3.407477282061435,-2.069809124021247,-0.12513476586821273
3.434709638652235,-2.073234737509548,-0.12513476586821273
3.4619419952430346,-2.0766603509978494,-0.12513476586821273
3.4891743518338343,-2.0800859644861505,-0.12513476586821273
3.5164067084246344,-2.0835115779744515,-0.12513476586821273
3.543639065015434,-2.086937191462753,-0.12513476586821273
3.570871421606234,-2.090362804951054,-0.12513476586821273
3.598103778197034,-2.093788418439355,-0.12513476586821273
3.6253361347878332,-2.097214031927656,-0.12513476586821273
3.6525684913786334,-2.1006396454159577,-0.12513476586821273
3.6798008479694326,-2.1040652589042588,-0.12513476586821273
3.7070332045602328,-2.10749087239256,-0.12513476586821273
3.7342655611510325,-2.1109164858808613,-0.12513476586821273
3.761497917741832,-2.1143420993691624,-0.12513476586821273
3.788730274332632,-2.1177677128574635,-0.12513476586821273
3.8159626309234316,-2.121193326345765,-0.12513476586821273
3.8431949875142317,-2.124618939834066,-0.12513476586821273
3.870427344105031,-2.128044553322367,-0.12513476586821273
3.897659700695831,-2.131470166810668,-0.12513476586821273
3.924892057286631,-2.1348957802989696,-0.12513476586821273
3.9521244138774305,-2.1383213937872707,-0.12513476586821273
3.9793567704682307,-2.1417470072755718,-0.12513476586821273
4.00658912705903,-2.1451726207638733,-0.12513476586821273
4.033821483649829,-2.1485982342521743,-0.12513476586821273
4.061053840240629,-2.1520238477404754,-0.12513476586821273
4.0882861968314295,-2.155449461228777,-0.12513476586821273
4.115518553422229,-2.158875074717078,-0.12513476586821273
4.142750910013029,-2.162300688205379,-0.12513476586821273
4.169983266603829,-2.16572630169368,-0.12513476586821273
4.197215623194628,-2.1691519151819816,-0.12513476586821273
4.224447979785428,-2.1725775286702826,-0.12513476586821273
4.2516803363762286,-2.1760031421585837,-0.12513476586821273
4.278912692967028,-2.179428755646885,-0.12513476586821273
4.306145049557827,-2.1828543691351863,-0.12513476586821273
4.333377406148627,-2.1862799826234873,-0.12513476586821273
4.360609762739427,-2.189705596111789,-0.12513476586821273
4.387842119330227,-2.19313120960009,-0.12513476586821273
4.415074475921027,-2.196556823088391,-0.12513476586821273
4.442306832511826,-2.199982436576692,-0.12513476586821273
4.469539189102626,-2.2034080500649935,-0.12513476586821273
4.496771545693425,-2.2068336635532946,-0.12513476586821273
4.5240039022842256,-2.2102592770415956,-0.12513476586821273
4.551236258875026,-2.213684890529897,-0.12513476586821273
4.578468615465825,-2.217110504018198,-0.12513476586821273
4.605700972056625,-2.2205361175064993,-0.12513476586821273
4.632933328647425,-2.2239617309948008,-0.12513476586821273
4.6601656852382245,-2.227387344483102,-0.12513476586821273
4.687398041829024,-2.230812957971403,-0.12513476586821273
4.714630398419825,-2.234238571459704,-0.12513476586821273
4.741862755010624,-2.2376641849480055,-0.12513476586821273
4.769095111601423,-2.2410897984363065,-0.12513476586821273
4.7963274681922226,-2.2445154119246076,-0.12513476586821273
4.823559824783024,-2.247941025412909,-0.12513476586821273
4.850792181373823,-2.25136663890121,-0.12513476586821273
4.878024537964622,-2.254792252389511,-0.12513476586821273
4.905256894555422,-2.2582178658778123,-0.12513476586821273
4.932489251146222,-2.2616434793661138,-0.12513476586821273
4.959721607737022,-2.265069092854415,-0.12513476586821273
4.986953964327822,-2.268494706342716,-0.12513476586821273
5.014186320918622,-2.2719203198310174,-0.12513476586821273
5.041418677509421,-2.2753459333193184,-0.12513476586821273
5.06865103410022,-2.2787715468076195,-0.12513476586821273
5.095883390691021,-2.2821971602959206,-0.12513476586821273
5.123115747281821,-2.285622773784222,-0.12513476586821273
5.15034810387262,-2.289048387272523,-0.12513476586821273
5.17758046046342,-2.292474000760824,-0.12513476586821273
5.20481281705422,-2.2958996142491257,-0.12513476586821273
5.2320451736450195,-2.2993252277374268,-0.12513476586821273
5.25301205757821,-2.301377992818851,-0.09759407682360785
5.2739789415114,-2.303430757900276,-0.09759407682360785
5.294945825444589,-2.3054835229817003,-0.09759407682360785
5.31591270937778,-2.3075362880631247,-0.09759407682360785
5.33687959331097,-2.3095890531445495,-0.09759407682360785
5.35784647724416,-2.311641818225974,-0.09759407682360785
5.37881336117735,-2.3136945833073983,-0.09759407682360785
5.39978024511054,-2.315747348388823,-0.09759407682360785
5.42074712904373,-2.3178001134702475,-0.09759407682360785
5.44171401297692,-2.319852878551672,-0.09759407682360785
5.46268089691011,-2.3219056436330967,-0.09759407682360785
5.483647780843301,-2.323958408714521,-0.09759407682360785
5.504614664776491,-2.3260111737959455,-0.09759407682360785
5.52558154870968,-2.3280639388773703,-0.09759407682360785
5.5465484326428705,-2.3301167039587947,-0.09759407682360785
5.567515316576061,-2.332169469040219,-0.09759407682360785
5.588482200509251,-2.334222234121644,-0.09759407682360785
5.609449084442441,-2.3362749992030682,-0.09759407682360785
5.6304159683756305,-2.3383277642844926,-0.09759407682360785
5.651382852308821,-2.3403805293659175,-0.09759407682360785
5.672349736242011,-2.342433294447342,-0.09759407682360785
5.693316620175201,-2.344486059528766,-0.09759407682360785
5.7142835041083915,-2.346538824610191,-0.09759407682360785
5.735250388041582,-2.3485915896916154,-0.09759407682360785
5.756217271974771,-2.35064435477304,-0.09759407682360785
5.777184155907961,-2.352697119854464,-0.09759407682360785
5.7981510398411515,-2.354749884935889,-0.09759407682360785
5.819117923774342,-2.3568026500173134,-0.09759407682360785
5.840084807707532,-2.3588554150987378,-0.09759407682360785
5.861051691640721,-2.3609081801801626,-0.09759407682360785
5.882018575573912,-2.362960945261587,-0.09759407682360785
5.902985459507102,-2.3650137103430113,-0.09759407682360785
5.923952343440292,-2.367066475424436,-0.09759407682360785
5.944919227373482,-2.3691192405058605,-0.09759407682360785
5.965886111306672,-2.371172005587285,-0.09759407682360785
5.986852995239862,-2.3732247706687097,-0.09759407682360785
6.007819879173052,-2.375277535750134,-0.09759407682360785
6.028786763106242,-2.3773303008315585,-0.09759407682360785
6.049753647039433,-2.3793830659129833,-0.09759407682360785
6.070720530972622,-2.3814358309944077,-0.09759407682360785
6.091687414905812,-2.383488596075832,-0.09759407682360785
6.1126542988390025,-2.385541361157257,-0.09759407682360785
6.133621182772193,-2.3875941262386813,-0.09759407682360785
6.154588066705383,-2.3896468913201057,-0.09759407682360785
6.175554950638572,-2.3916996564015305,-0.09759407682360785
6.1965218345717625,-2.393752421482955,-0.09759407682360785
6.217488718504953,-2.3958051865643792,-0.09759407682360785
6.238455602438143,-2.397857951645804,-0.09759407682360785
6.259422486371333,-2.3999107167272284,-0.09759407682360785
6.280389370304523,-2.401963481808653,-0.09759407682360785
6.301356254237714,-2.4040162468900776,-0.09759407682360785
6.322323138170903,-2.406069011971502,-0.09759407682360785
6.343290022104093,-2.4081217770529264,-0.09759407682360785
6.364256906037284,-2.4101745421343512,-0.09759407682360785
6.385223789970474,-2.4122273072157756,-0.09759407682360785
6.406190673903664,-2.4142800722972,-0.09759407682360785
6.427157557836853,-2.416332837378625,-0.09759407682360785
6.448124441770044,-2.418385602460049,-0.09759407682360785
6.469091325703234,-2.4204383675414736,-0.09759407682360785
6.490058209636424,-2.4224911326228984,-0.09759407682360785
6.511025093569614,-2.4245438977043228,-0.09759407682360785
6.531991977502804,-2.426596662785747,-0.09759407682360785
6.552958861435994,-2.428649427867172,-0.09759407682360785
6.573925745369184,-2.4307021929485964,-0.09759407682360785
6.594892629302374,-2.4327549580300207,-0.09759407682360785
6.615859513235565,-2.4348077231114456,-0.09759407682360785
6.636826397168754,-2.43686048819287,-0.09759407682360785
6.657793281101944,-2.4389132532742943,-0.09759407682360785
6.6787601650351345,-2.440966018355719,-0.09759407682360785
6.699727048968325,-2.4430187834371435,-0.09759407682360785
6.720693932901515,-2.445071548518568,-0.09759407682360785
6.741660816834704,-2.4471243135999927,-0.09759407682360785
6.7626277007678945,-2.449177078681417,-0.09759407682360785
6.783594584701085,-2.4512298437628415,-0.09759407682360785
6.804561468634275,-2.4532826088442663,-0.09759407682360785
6.825528352567465,-2.4553353739256907,-0.09759407682360785
6.846495236500655,-2.457388139007115,-0.09759407682360785
6.867462120433845,-2.45944090408854,-0.09759407682360785
6.888429004367035,-2.4614936691699643,-0.09759407682360785
6.909395888300225,-2.4635464342513886,-0.09759407682360785
6.930362772233416,-2.4655991993328135,-0.09759407682360785
6.951329656166606,-2.467651964414238,-0.09759407682360785
6.972296540099795,-2.469704729495662,-0.09759407682360785
6.993263424032985,-2.4717574945770866,-0.09759407682360785
7.014230307966176,-2.4738102596585114,-0.09759407682360785
7.035197191899366,-2.475863024739936,-0.09759407682360785
7.056164075832555,-2.47791578982136,-0.09759407682360785
7.077130959765746,-2.479968554902785,-0.09759407682360785
7.098097843698936,-2.4820213199842094,-0.09759407682360785
7.119064727632126,-2.4840740850656338,-0.09759407682360785
7.140031611565316,-2.4861268501470586,-0.09759407682360785
7.160998495498506,-2.488179615228483,-0.09759407682360785
7.181965379431697,-2.4902323803099073,-0.09759407682360785
7.202932263364886,-2.492285145391332,-0.09759407682360785
7.223899147298076,-2.4943379104727565,-0.09759407682360785
7.2448660312312665,-2.496390675554181,-0.09759407682360785
7.265832915164456,-2.4984434406356058,-0.09759407682360785
7.286799799097647,-2.50049620571703,-0.09759407682360785
7.307766683030836,-2.5025489707984545,-0.09759407682360785
7.328733566964027,-2.5046017358798793,-0.09759407682360785
7.349700450897217,-2.5066545009613037,-0.09759407682360785
7.3674439345255935,-2.508344820230314,-0.0949776040905317
7.38518741815397,-2.5100351394993243,-0.0949776040905317
7.402930901782347,-2.5117254587683346,-0.0949776040905317
7.420674385410725,-2.513415778037345,-0.0949776040905317
7.438417869039101,-2.5151060973063553,-0.0949776040905317
7.456161352667478,-2.5167964165753656,-0.0949776040905317
7.473904836295855,-2.518486735844376,-0.0949776040905317
7.491648319924232,-2.520177055113386,-0.0949776040905317
7.509391803552608,-2.521867374382397,-0.0949776040905317
7.527135287180986,-2.5235576936514073,-0.0949776040905317
7.544878770809363,-2.5252480129204176,-0.0949776040905317
7.5626222544377395,-2.526938332189428,-0.0949776040905317
7.580365738066116,-2.528628651458438,-0.0949776040905317
7.598109221694493,-2.5303189707274485,-0.0949776040905317
7.61585270532287,-2.532009289996459,-0.0949776040905317
7.6335961889512465,-2.533699609265469,-0.0949776040905317
7.651339672579624,-2.5353899285344794,-0.0949776040905317
7.669083156208001,-2.5370802478034897,-0.0949776040905317
7.686826639836378,-2.5387705670725,-0.0949776040905317
7.704570123464754,-2.5404608863415103,-0.0949776040905317
7.722313607093131,-2.5421512056105207,-0.0949776040905317
7.740057090721508,-2.543841524879531,-0.0949776040905317
7.757800574349885,-2.5455318441485413,-0.0949776040905317
7.775544057978262,-2.5472221634175516,-0.0949776040905317
7.793287541606639,-2.548912482686562,-0.0949776040905317
7.811031025235016,-2.5506028019555727,-0.0949776040905317
7.828774508863392,-2.552293121224583,-0.0949776040905317
7.846517992491769,-2.5539834404935933,-0.0949776040905317
7.864261476120146,-2.5556737597626036,-0.0949776040905317
7.882004959748523,-2.557364079031614,-0.0949776040905317
7.8997484433769,-2.559054398300624,-0.0949776040905317
7.917491927005277,-2.5607447175696345,-0.0949776040905317
7.935235410633654,-2.562435036838645,-0.0949776040905317
7.9529788942620305,-2.564125356107655,-0.0949776040905317
7.970722377890407,-2.5658156753766654,-0.0949776040905317
7.988465861518784,-2.5675059946456757,-0.0949776040905317
8.00620934514716,-2.569196313914686,-0.0949776040905317
8.023952828775538,-2.5708866331836964,-0.0949776040905317
8.041696312403914,-2.5725769524527067,-0.0949776040905317
8.059439796032292,-2.574267271721717,-0.0949776040905317
8.07718327966067,-2.5759575909907273,-0.0949776040905317
8.094926763289045,-2.5776479102597376,-0.0949776040905317
8.112670246917423,-2.5793382295287484,-0.0949776040905317
8.130413730545799,-2.5810285487977587,-0.0949776040905317
8.148157214174176,-2.582718868066769,-0.0949776040905317
8.165900697802552,-2.5844091873357793,-0.0949776040905317
8.18364418143093,-2.5860995066047896,-0.0949776040905317
8.201387665059308,-2.5877898258738,-0.0949776040905317
8.219131148687683,-2.58948014514281,-0.0949776040905317
8.236874632316061,-2.5911704644118205,-0.0949776040905317
8.254618115944437,-2.592860783680831,-0.0949776040905317
8.272361599572815,-2.594551102949841,-0.0949776040905317
8.29010508320119,-2.5962414222188515,-0.0949776040905317
8.307848566829568,-2.5979317414878618,-0.0949776040905317
8.325592050457946,-2.599622060756872,-0.0949776040905317
8.343335534086322,-2.6013123800258824,-0.0949776040905317
8.3610790177147,-2.6030026992948927,-0.0949776040905317
8.378822501343075,-2.604693018563903,-0.0949776040905317
8.396565984971453,-2.6063833378329138,-0.0949776040905317
8.414309468599829,-2.608073657101924,-0.0949776040905317
8.432052952228206,-2.6097639763709344,-0.0949776040905317
8.449796435856584,-2.6114542956399447,-0.0949776040905317
8.46753991948496,-2.613144614908955,-0.0949776040905317
8.485283403113337,-2.6148349341779653,-0.0949776040905317
8.503026886741713,-2.6165252534469756,-0.0949776040905317
8.52077037037009,-2.618215572715986,-0.0949776040905317
8.538513853998467,-2.6199058919849962,-0.0949776040905317
8.556257337626844,-2.6215962112540065,-0.0949776040905317
8.574000821255222,-2.623286530523017,-0.0949776040905317
8.591744304883598,-2.624976849792027,-0.0949776040905317
8.609487788511975,-2.6266671690610375,-0.0949776040905317
8.627231272140351,-2.628357488330048,-0.0949776040905317
8.644974755768729,-2.630047807599058,-0.0949776040905317
8.662718239397105,-2.6317381268680684,-0.0949776040905317
8.680461723025482,-2.6334284461370787,-0.0949776040905317
8.69820520665386,-2.635118765406089,-0.0949776040905317
8.715948690282236,-2.6368090846751,-0.0949776040905317
8.733692173910613,-2.63849940394411,-0.0949776040905317
8.75143565753899,-2.6401897232131204,-0.0949776040905317
8.769179141167367,-2.6418800424821307,-0.0949776040905317
8.786922624795743,-2.643570361751141,-0.0949776040905317
8.80466610842412,-2.6452606810201513,-0.0949776040905317
8.822409592052498,-2.6469510002891616,-0.0949776040905317
8.840153075680874,-2.648641319558172,-0.0949776040905317
8.857896559309252,-2.6503316388271823,-0.0949776040905317
8.875640042937627,-2.6520219580961926,-0.0949776040905317
8.893383526566005,-2.653712277365203,-0.0949776040905317
8.911127010194381,-2.655402596634213,-0.0949776040905317
8.928870493822759,-2.6570929159032235,-0.0949776040905317
8.946613977451136,-2.658783235172234,-0.0949776040905317
8.964357461079512,-2.660473554441244,-0.0949776040905317
8.98210094470789,-2.662163873710255,-0.0949776040905317
8.999844428336267,-2.663854192979265,-0.0949776040905317
9.017587911964643,-2.6655445122482755,-0.0949776040905317
9.035331395593019,-2.667234831517286,-0.0949776040905317
9.053074879221397,-2.668925150786296,-0.0949776040905317
9.070818362849774,-2.6706154700553064,-0.0949776040905317
9.08856184647815,-2.6723057893243167,-0.0949776040905317
9.106305330106528,-2.673996108593327,-0.0949776040905317
9.124048813734904,-2.6756864278623373,-0.0949776040905317
9.141792297363281,-2.6773767471313477,-0.0949776040905317
9.165902184967948,-2.6716668322534844,0.2325443089754224
9.190012072572614,-2.6659569173756212,0.2325443089754224
9.21412196017728,-2.660247002497758,0.2325443089754224
9.238231847781947,-2.654537087619895,0.2325443089754224
9.262341735386613,-2.6488271727420316,0.2325443089754224
9.28645162299128,-2.6431172578641684,0.2325443089754224
9.310561510595944,-2.637407342986305,0.2325443089754224
9.33467139820061,-2.631697428108442,0.2325443089754224
9.358781285805277,-2.6259875132305788,0.2325443089754224
9.382891173409943,-2.6202775983527156,0.2325443089754224
9.40700106101461,-2.6145676834748524,0.2325443089754224
9.431110948619276,-2.608857768596989,0.2325443089754224
9.455220836223942,-2.603147853719126,0.2325443089754224
9.479330723828609,-2.5974379388412627,0.2325443089754224
9.503440611433275,-2.5917280239633995,0.2325443089754224
9.527550499037941,-2.5860181090855363,0.2325443089754224
9.551660386642608,-2.580308194207673,0.2325443089754224
9.575770274247274,-2.57459827932981,0.2325443089754224
9.599880161851939,-2.5688883644519467,0.2325443089754224
9.623990049456605,-2.5631784495740835,0.2325443089754224
9.648099937061271,-2.5574685346962203,0.2325443089754224
9.672209824665938,-2.551758619818357,0.2325443089754224
9.696319712270604,-2.546048704940494,0.2325443089754224
9.72042959987527,-2.5403387900626306,0.2325443089754224
9.744539487479937,-2.5346288751847674,0.2325443089754224
9.768649375084603,-2.528918960306904,0.2325443089754224
9.79275926268927,-2.523209045429041,0.2325443089754224
9.816869150293936,-2.517499130551178,0.2325443089754224
9.840979037898602,-2.5117892156733146,0.2325443089754224
9.865088925503269,-2.5060793007954514,0.2325443089754224
9.889198813107935,-2.500369385917588,0.2325443089754224
9.913308700712602,-2.494659471039725,0.2325443089754224
9.937418588317266,-2.4889495561618618,0.2325443089754224
9.961528475921932,-2.4832396412839985,0.2325443089754224
9.985638363526599,-2.4775297264061353,0.2325443089754224
10.009748251131265,-2.471819811528272,0.2325443089754224
10.033858138735932,-2.466109896650409,0.2325443089754224
10.057968026340598,-2.4603999817725457,0.2325443089754224
10.082077913945264,-2.4546900668946825,0.2325443089754224
10.10618780154993,-2.4489801520168193,0.2325443089754224
10.130297689154597,-2.443270237138956,0.2325443089754224
10.154407576759263,-2.437560322261093,0.2325443089754224
10.17851746436393,-2.4318504073832297,0.2325443089754224
10.202627351968594,-2.4261404925053665,0.2325443089754224
10.22673723957326,-2.420430577627503,0.2325443089754224
10.250847127177927,-2.41472066274964,0.2325443089754224
10.274957014782593,-2.4090107478717764,0.2325443089754224
10.29906690238726,-2.4033008329939136,0.2325443089754224
10.323176789991926,-2.39759091811605,0.2325443089754224
10.347286677596593,-2.391881003238187,0.2325443089754224
10.371396565201259,-2.3861710883603235,0.2325443089754224
10.395506452805925,-2.380461173482461,0.2325443089754224
10.419616340410592,-2.374751258604597,0.2325443089754224
10.443726228015258,-2.369041343726734,0.2325443089754224
10.467836115619924,-2.3633314288488707,0.2325443089754224
10.49194600322459,-2.3576215139710075,0.2325443089754224
10.516055890829255,-2.3519115990931443,0.2325443089754224
10.540165778433922,-2.3462016842152815,0.2325443089754224
10.564275666038588,-2.340491769337418,0.2325443089754224
10.588385553643255,-2.334781854459555,0.2325443089754224
10.61249544124792,-2.3290719395816915,0.2325443089754224
10.636605328852587,-2.3233620247038282,0.2325443089754224
10.660715216457254,-2.317652109825965,0.2325443089754224
10.68482510406192,-2.311942194948102,0.2325443089754224
10.708934991666586,-2.3062322800702386,0.2325443089754224
10.733044879271253,-2.3005223651923754,0.2325443089754224
10.757154766875919,-2.294812450314512,0.2325443089754224
10.781264654480585,-2.289102535436649,0.2325443089754224
10.805374542085252,-2.283392620558786,0.2325443089754224
10.829484429689916,-2.2776827056809226,0.2325443089754224
10.853594317294583,-2.2719727908030594,0.2325443089754224
10.87770420489925,-2.266262875925196,0.2325443089754224
10.901814092503916,-2.260552961047333,0.2325443089754224
10.925923980108582,-2.2548430461694697,0.2325443089754224
10.950033867713248,-2.2491331312916065,0.2325443089754224
10.974143755317915,-2.2434232164137433,0.2325443089754224
10.998253642922581,-2.23771330153588,0.2325443089754224
11.022363530527247,-2.232003386658017,0.2325443089754224
11.046473418131914,-2.2262934717801537,0.2325443089754224
11.07058330573658,-2.2205835569022905,0.2325443089754224
11.094693193341246,-2.2148736420244273,0.2325443089754224
11.118803080945913,-2.209163727146564,0.2325443089754224
11.142912968550577,-2.203453812268701,0.2325443089754224
11.167022856155244,-2.1977438973908376,0.2325443089754224
11.19113274375991,-2.1920339825129744,0.2325443089754224
11.215242631364577,-2.1863240676351112,0.2325443089754224
11.239352518969243,-2.180614152757248,0.2325443089754224
11.26346240657391,-2.174904237879385,0.2325443089754224
11.287572294178576,-2.1691943230015216,0.2325443089754224
11.311682181783242,-2.1634844081236584,0.2325443089754224
11.335792069387908,-2.157774493245795,0.2325443089754224
11.359901956992575,-2.152064578367932,0.2325443089754224
11.384011844597241,-2.1463546634900688,0.2325443089754224
11.408121732201906,-2.1406447486122056,0.2325443089754224
11.432231619806572,-2.1349348337343423,0.2325443089754224
11.456341507411238,-2.129224918856479,0.2325443089754224
11.480451395015905,-2.123515003978616,0.2325443089754224
11.504561282620571,-2.1178050891007527,0.2325443089754224
11.528671170225238,-2.1120951742228895,0.2325443089754224
11.552781057829904,-2.1063852593450263,0.2325443089754224
11.57689094543457,-2.100675344467163,0.2325443089754224
11.582454719165764,-2.0788851020359758,1.3208044537955672
11.588018492896959,-2.0570948596047884,1.3208044537955672
11.593582266628152,-2.035304617173601,1.3208044537955672
11.599146040359345,-2.0135143747424133,1.3208044537955672
11.60470981409054,-1.991724132311226,1.3208044537955672
11.610273587821734,-1.9699338898800387,1.3208044537955672
11.615837361552927,-1.9481436474488514,1.3208044537955672
11.621401135284122,-1.926353405017664,1.3208044537955672
11.626964909015316,-1.9045631625864765,1.3208044537955672
11.632528682746509,-1.8827729201552892,1.3208044537955672
11.638092456477704,-1.8609826777241016,1.3208044537955672
11.643656230208897,-1.8391924352929143,1.3208044537955672
11.64922000394009,-1.817402192861727,1.3208044537955672
11.654783777671286,-1.7956119504305397,1.3208044537955672
11.660347551402479,-1.7738217079993521,1.3208044537955672
11.665911325133672,-1.7520314655681648,1.3208044537955672
11.671475098864867,-1.7302412231369773,1.3208044537955672
11.67703887259606,-1.70845098070579,1.3208044537955672
11.682602646327254,-1.6866607382746026,1.3208044537955672
11.68816642005845,-1.6648704958434153,1.3208044537955672
11.693730193789643,-1.643080253412228,1.3208044537955672
11.699293967520836,-1.6212900109810404,1.3208044537955672
11.704857741252031,-1.5994997685498529,1.3208044537955672
11.710421514983224,-1.5777095261186656,1.3208044537955672
11.715985288714418,-1.5559192836874782,1.3208044537955672
11.721549062445613,-1.534129041256291,1.3208044537955672
11.727112836176806,-1.5123387988251036,1.3208044537955672
11.732676609908,-1.490548556393916,1.3208044537955672
11.738240383639194,-1.4687583139627287,1.3208044537955672
11.743804157370388,-1.4469680715315412,1.3208044537955672
11.749367931101581,-1.4251778291003538,1.3208044537955672
11.754931704832776,-1.4033875866691665,1.3208044537955672
11.76049547856397,-1.3815973442379792,1.3208044537955672
11.766059252295163,-1.3598071018067917,1.3208044537955672
11.771623026026358,-1.3380168593756043,1.3208044537955672
11.777186799757551,-1.316226616944417,1.3208044537955672
11.782750573488745,-1.2944363745132295,1.3208044537955672
11.78831434721994,-1.2726461320820421,1.3208044537955672
11.793878120951133,-1.2508558896508548,1.3208044537955672
11.799441894682326,-1.2290656472196673,1.3208044537955672
11.805005668413521,-1.2072754047884797,1.3208044537955672
11.810569442144715,-1.1854851623572926,1.3208044537955672
11.816133215875908,-1.163694919926105,1.3208044537955672
11.821696989607103,-1.1419046774949178,1.3208044537955672
11.827260763338296,-1.1201144350637304,1.3208044537955672
11.832824537069492,-1.0983241926325429,1.3208044537955672
11.838388310800685,-1.0765339502013556,1.3208044537955672
11.843952084531878,-1.0547437077701682,1.3208044537955672
11.849515858263072,-1.032953465338981,1.3208044537955672
11.855079631994267,-1.0111632229077934,1.3208044537955672
11.86064340572546,-0.989372980476606,1.3208044537955672
11.866207179456655,-0.9675827380454185,1.3208044537955672
11.871770953187848,-0.9457924956142312,1.3208044537955672
11.877334726919042,-0.9240022531830439,1.3208044537955672
11.882898500650237,-0.9022120107518563,1.3208044537955672
11.88846227438143,-0.880421768320669,1.3208044537955672
11.894026048112623,-0.8586315258894817,1.3208044537955672
11.899589821843819,-0.8368412834582943,1.3208044537955672
11.905153595575012,-0.815051041027107,1.3208044537955672
11.910717369306205,-0.7932607985959195,1.3208044537955672
11.9162811430374,-0.7714705561647321,1.3208044537955672
11.921844916768594,-0.7496803137335446,1.3208044537955672
11.927408690499787,-0.7278900713023573,1.3208044537955672
11.932972464230982,-0.70609982887117,1.3208044537955672
11.938536237962175,-0.6843095864399824,1.3208044537955672
11.944100011693369,-0.6625193440087951,1.3208044537955672
11.949663785424564,-0.6407291015776075,1.3208044537955672
11.955227559155757,-0.6189388591464202,1.3208044537955672
11.96079133288695,-0.5971486167152329,1.3208044537955672
11.966355106618145,-0.5753583742840456,1.3208044537955672
11.971918880349339,-0.5535681318528582,1.3208044537955672
11.977482654080532,-0.5317778894216709,1.3208044537955672
11.983046427811727,-0.5099876469904834,1.3208044537955672
11.98861020154292,-0.48819740455929606,1.3208044537955672
11.994173975274114,-0.4664071621281085,1.3208044537955672
11.999737749005309,-0.4446169196969212,1.3208044537955672
12.005301522736502,-0.42282667726573364,1.3208044537955672
12.010865296467696,-0.4010364348345463,1.3208044537955672
12.01642907019889,-0.379246192403359,1.3208044537955672
12.021992843930084,-0.35745594997217145,1.3208044537955672
12.027556617661277,-0.3356657075409841,1.3208044537955672
12.033120391392472,-0.3138754651097966,1.3208044537955672
12.038684165123666,-0.2920852226786095,1.3208044537955672
12.04424793885486,-0.27029498024742216,1.3208044537955672
12.049811712586054,-0.2485047378162346,1.3208044537955672
12.055375486317248,-0.2267144953850473,1.3208044537955672
12.06093926004844,-0.20492425295385996,1.3208044537955672
12.066503033779636,-0.18313401052267242,1.3208044537955672
12.07206680751083,-0.1613437680914851,1.3208044537955672
12.077630581242023,-0.13955352566029755,1.3208044537955672
12.083194354973218,-0.11776328322911023,1.3208044537955672
12.088758128704411,-0.09597304079792268,1.3208044537955672
12.094321902435604,-0.07418279836673536,1.3208044537955672
12.0998856761668,-0.052392555935548035,1.3208044537955672
12.105449449897993,-0.030602313504360712,1.3208044537955672
12.111013223629186,-0.008812071073173389,1.3208044537955672
12.116576997360381,0.012978171358013935,1.3208044537955672
12.122140771091575,0.03476841378920126,1.3208044537955672
12.127704544822768,0.056558656220389025,1.3208044537955672
12.133268318553963,0.07834889865157635,1.3208044537955672
12.138832092285156,0.10013914108276367,1.3208044537955672
12.134788777568552,0.11280331989326099,1.8798385409102405
12.13074546285195,0.1254674987037583,1.8798385409102405
12.126702148135346,0.13813167751425565,1.8798385409102405
12.122658833418742,0.15079585632475295,1.8798385409102405
12.11861551870214,0.1634600351352503,1.8798385409102405
12.114572203985535,0.1761242139457476,1.8798385409102405
12.110528889268931,0.18878839275624493,1.8798385409102405
12.106485574552329,0.20145257156674223,1.8798385409102405
12.102442259835724,0.21411675037723957,1.8798385409102405
12.098398945119122,0.2267809291877369,1.8798385409102405
12.094355630402518,0.2394451079982342,1.8798385409102405
12.090312315685914,0.2521092868087315,1.8798385409102405
12.086269000969311,0.2647734656192289,1.8798385409102405
12.082225686252707,0.2774376444297262,1.8798385409102405
12.078182371536103,0.2901018232402235,1.8798385409102405
12.0741390568195,0.3027660020507208,1.8798385409102405
12.070095742102897,0.31543018086121816,1.8798385409102405
12.066052427386293,0.32809435967171546,1.8798385409102405
12.06200911266969,0.3407585384822128,1.8798385409102405
12.057965797953086,0.35342271729271013,1.8798385409102405
12.053922483236482,0.36608689610320744,1.8798385409102405
12.04987916851988,0.37875107491370474,1.8798385409102405
12.045835853803275,0.3914152537242021,1.8798385409102405
12.041792539086673,0.40407943253469936,1.8798385409102405
12.037749224370069,0.4167436113451967,1.8798385409102405
12.033705909653465,0.429407790155694,1.8798385409102405
12.029662594936863,0.4420719689661914,1.8798385409102405
12.025619280220258,0.4547361477766887,1.8798385409102405
12.021575965503654,0.467400326587186,1.8798385409102405
12.017532650787052,0.4800645053976833,1.8798385409102405
12.013489336070448,0.4927286842081806,1.8798385409102405
12.009446021353844,0.5053928630186779,1.8798385409102405
12.005402706637241,0.5180570418291752,1.8798385409102405
12.001359391920637,0.5307212206396726,1.8798385409102405
11.997316077204033,0.5433853994501698,1.8798385409102405
11.99327276248743,0.5560495782606673,1.8798385409102405
11.989229447770827,0.5687137570711646,1.8798385409102405
11.985186133054224,0.581377935881662,1.8798385409102405
11.98114281833762,0.5940421146921593,1.8798385409102405
11.977099503621016,0.6067062935026566,1.8798385409102405
11.973056188904414,0.6193704723131539,1.8798385409102405
11.96901287418781,0.6320346511236512,1.8798385409102405
11.964969559471205,0.6446988299341485,1.8798385409102405
11.960926244754603,0.6573630087446458,1.8798385409102405
11.956882930037999,0.6700271875551431,1.8798385409102405
11.952839615321395,0.6826913663656405,1.8798385409102405
11.948796300604792,0.6953555451761378,1.8798385409102405
11.944752985888188,0.708019723986635,1.8798385409102405
11.940709671171584,0.7206839027971325,1.8798385409102405
11.936666356454982,0.7333480816076298,1.8798385409102405
11.932623041738378,0.7460122604181271,1.8798385409102405
11.928579727021775,0.7586764392286244,1.8798385409102405
11.924536412305171,0.7713406180391218,1.8798385409102405
11.920493097588567,0.7840047968496191,1.8798385409102405
11.916449782871965,0.7966689756601164,1.8798385409102405
11.91240646815536,0.8093331544706137,1.8798385409102405
11.908363153438756,0.8219973332811109,1.8798385409102405
11.904319838722154,0.8346615120916083,1.8798385409102405
11.90027652400555,0.8473256909021056,1.8798385409102405
11.896233209288946,0.8599898697126029,1.8798385409102405
11.892189894572343,0.8726540485231002,1.8798385409102405
11.88814657985574,0.8853182273335976,1.8798385409102405
11.884103265139135,0.897982406144095,1.8798385409102405
11.880059950422533,0.9106465849545923,1.8798385409102405
11.876016635705929,0.9233107637650896,1.8798385409102405
11.871973320989326,0.9359749425755869,1.8798385409102405
11.867930006272722,0.9486391213860843,1.8798385409102405
11.863886691556118,0.9613033001965816,1.8798385409102405
11.859843376839516,0.9739674790070789,1.8798385409102405
11.855800062122912,0.9866316578175761,1.8798385409102405
11.851756747406307,0.9992958366280734,1.8798385409102405
11.847713432689705,1.0119600154385708,1.8798385409102405
11.843670117973101,1.0246241942490681,1.8798385409102405
11.839626803256497,1.0372883730595654,1.8798385409102405
11.835583488539895,1.0499525518700628,1.8798385409102405
11.83154017382329,1.0626167306805603,1.8798385409102405
11.827496859106686,1.0752809094910574,1.8798385409102405
11.823453544390084,1.087945088301555,1.8798385409102405
11.81941022967348,1.1006092671120522,1.8798385409102405
11.815366914956876,1.1132734459225495,1.8798385409102405
11.811323600240273,1.1259376247330468,1.8798385409102405
11.80728028552367,1.1386018035435441,1.8798385409102405
11.803236970807067,1.1512659823540412,1.8798385409102405
11.799193656090463,1.1639301611645387,1.8798385409102405
11.795150341373859,1.176594339975036,1.8798385409102405
11.791107026657256,1.1892585187855333,1.8798385409102405
11.787063711940652,1.2019226975960307,1.8798385409102405
11.783020397224048,1.214586876406528,1.8798385409102405
11.778977082507446,1.2272510552170253,1.8798385409102405
11.774933767790841,1.2399152340275226,1.8798385409102405
11.770890453074237,1.2525794128380199,1.8798385409102405
11.766847138357635,1.2652435916485174,1.8798385409102405
11.76280382364103,1.2779077704590147,1.8798385409102405
11.758760508924428,1.290571949269512,1.8798385409102405
11.754717194207824,1.303236128080009,1.8798385409102405
11.75067387949122,1.3159003068905064,1.8798385409102405
11.746630564774618,1.328564485701004,1.8798385409102405
11.742587250058014,1.3412286645115012,1.8798385409102405
11.73854393534141,1.3538928433219986,1.8798385409102405
11.734500620624807,1.3665570221324959,1.8798385409102405
11.730457305908203,1.3792212009429932,1.8798385409102405
11.70119298802744,1.3908911435910971,2.7621408615268193
11.671928670146677,1.402561086239201,2.7621408615268193
11.642664352265916,1.414231028887305,2.7621408615268193
11.613400034385153,1.425900971535409,2.7621408615268193
11.58413571650439,1.4375709141835127,2.7621408615268193
11.554871398623627,1.4492408568316166,2.7621408615268193
11.525607080742864,1.4609107994797206,2.7621408615268193
11.4963427628621,1.4725807421278245,2.7621408615268193
11.46707844498134,1.4842506847759285,2.7621408615268193
11.437814127100577,1.4959206274240324,2.7621408615268193
11.408549809219814,1.5075905700721364,2.7621408615268193
11.37928549133905,1.51926051272024,2.7621408615268193
11.350021173458288,1.530930455368344,2.7621408615268193
11.320756855577525,1.542600398016448,2.7621408615268193
11.291492537696763,1.554270340664552,2.7621408615268193
11.262228219816,1.565940283312656,2.7621408615268193
11.232963901935237,1.5776102259607598,2.7621408615268193
11.203699584054474,1.5892801686088638,2.7621408615268193
11.174435266173711,1.6009501112569677,2.7621408615268193
11.14517094829295,1.6126200539050717,2.7621408615268193
11.115906630412187,1.6242899965531756,2.7621408615268193
11.086642312531424,1.6359599392012796,2.7621408615268193
11.057377994650661,1.6476298818493833,2.7621408615268193
11.028113676769898,1.6592998244974873,2.7621408615268193
10.998849358889135,1.6709697671455912,2.7621408615268193
10.969585041008374,1.6826397097936951,2.7621408615268193
10.940320723127611,1.694309652441799,2.7621408615268193
10.911056405246848,1.705979595089903,2.7621408615268193
10.881792087366085,1.7176495377380068,2.7621408615268193
10.852527769485322,1.7293194803861107,2.7621408615268193
10.82326345160456,1.7409894230342147,2.7621408615268193
10.793999133723798,1.7526593656823186,2.7621408615268193
10.764734815843035,1.7643293083304226,2.7621408615268193
10.735470497962272,1.7759992509785265,2.7621408615268193
10.706206180081509,1.7876691936266305,2.7621408615268193
10.676941862200746,1.7993391362747344,2.7621408615268193
10.647677544319984,1.8110090789228384,2.7621408615268193
10.618413226439221,1.8226790215709423,2.7621408615268193
10.589148908558458,1.8343489642190463,2.7621408615268193
10.559884590677695,1.84601890686715,2.7621408615268193
10.530620272796932,1.857688849515254,2.7621408615268193
10.501355954916171,1.8693587921633579,2.7621408615268193
10.472091637035408,1.8810287348114618,2.7621408615268193
10.442827319154645,1.8926986774595658,2.7621408615268193
10.413563001273882,1.9043686201076695,2.7621408615268193
10.38429868339312,1.9160385627557734,2.7621408615268193
10.355034365512356,1.9277085054038774,2.7621408615268193
10.325770047631595,1.9393784480519813,2.7621408615268193
10.296505729750832,1.9510483907000853,2.7621408615268193
10.267241411870069,1.9627183333481892,2.7621408615268193
10.237977093989306,1.9743882759962932,2.7621408615268193
10.208712776108543,1.9860582186443971,2.7621408615268193
10.17944845822778,1.997728161292501,2.7621408615268193
10.150184140347019,2.009398103940605,2.7621408615268193
10.120919822466256,2.021068046588709,2.7621408615268193
10.091655504585493,2.032737989236813,2.7621408615268193
10.06239118670473,2.0444079318849164,2.7621408615268193
10.033126868823967,2.0560778745330204,2.7621408615268193
10.003862550943206,2.0677478171811243,2.7621408615268193
9.974598233062443,2.0794177598292283,2.7621408615268193
9.94533391518168,2.091087702477332,2.7621408615268193
9.916069597300917,2.102757645125436,2.7621408615268193
9.886805279420154,2.11442758777354,2.7621408615268193
9.85754096153939,2.126097530421644,2.7621408615268193
9.82827664365863,2.137767473069748,2.7621408615268193
9.799012325777866,2.149437415717852,2.7621408615268193
9.769748007897103,2.161107358365956,2.7621408615268193
9.74048369001634,2.17277730101406,2.7621408615268193
9.711219372135577,2.184447243662164,2.7621408615268193
9.681955054254814,2.1961171863102678,2.7621408615268193
9.652690736374053,2.2077871289583717,2.7621408615268193
9.62342641849329,2.2194570716064757,2.7621408615268193
9.594162100612527,2.2311270142545796,2.7621408615268193
9.564897782731764,2.2427969569026835,2.7621408615268193
9.535633464851003,2.2544668995507875,2.7621408615268193
9.50636914697024,2.2661368421988914,2.7621408615268193
9.477104829089477,2.2778067848469954,2.7621408615268193
9.447840511208714,2.2894767274950993,2.7621408615268193
9.41857619332795,2.3011466701432033,2.7621408615268193
9.389311875447188,2.312816612791307,2.7621408615268193
9.360047557566425,2.3244865554394107,2.7621408615268193
9.330783239685662,2.3361564980875147,2.7621408615268193
9.3015189218049,2.3478264407356186,2.7621408615268193
9.272254603924138,2.3594963833837226,2.7621408615268193
9.242990286043375,2.3711663260318265,2.7621408615268193
9.213725968162612,2.3828362686799305,2.7621408615268193
9.18446165028185,2.3945062113280344,2.7621408615268193
9.155197332401087,2.4061761539761384,2.7621408615268193
9.125933014520324,2.417846096624242,2.7621408615268193
9.096668696639561,2.429516039272346,2.7621408615268193
9.067404378758798,2.4411859819204498,2.7621408615268193
9.038140060878035,2.4528559245685537,2.7621408615268193
9.008875742997272,2.4645258672166577,2.7621408615268193
8.979611425116511,2.4761958098647616,2.7621408615268193
8.950347107235748,2.4878657525128656,2.7621408615268193
8.921082789354985,2.4995356951609695,2.7621408615268193
8.891818471474222,2.5112056378090735,2.7621408615268193
8.86255415359346,2.5228755804571774,2.7621408615268193
8.833289835712698,2.5345455231052814,2.7621408615268193
8.804025517831935,2.5462154657533853,2.7621408615268193
8.774761199951172,2.5578854084014893,2.7621408615268193
